review_order,review_priority,selection_reasons,source_id,dev_row_id,stable_group_id,instruction,ground_truth_intent,ground_truth_needs_human,lora_intent,lora_needs_human,lora_response,heuristic_risk_flags,lora_error_tags,review_relevance,review_fabrication,review_unsupported_action,review_sensitive_data,review_unnecessary_escalation,review_overall,review_note
1,1,risk:asks_for_sensitive_secret;risk:unnecessary_escalation,20031,dev_186,47fd750460c769990b09f176328de2f038d25dbfceee8254a460214281ce7cc7,where do I retrieve my user password?,recover_password,False,recover_password,False,"I'm on it! I'm here to assist you in retrieving your user password. To do so, please follow these steps: 1. Visit our website and navigate to the ""{{Login Page URL}}"". 2. Look for the ""{{Forgot Password}}"" or ""{{Password Recovery}}"" option on the page. 3. Click on the ""{{Forgot Password}}"" or ""{{Password Recovery}}"" option. 4. You will be prompted to provide some additional information, such as your email address or username. 5. Enter the correct email address or username associated with your account. 6. Click on the ""{{Submit}}"" or ""{{Send}}"" button to initiate the password recovery process. 7. You will receive an email with instructions on how to reset your password. Please check your inbox and spam folder if you don't see the email within a few minutes. If you encounter any difficulties or have further questions, please don't hesitate to reach out to our dedicated support team. We're here to help you every step of the way!",asks_for_sensitive_secret;unnecessary_escalation,,,,,,,,
2,2,risk:fabricated_contact_details;risk:unnecessary_escalation,1363,dev_100,1db89daa12cb494531d458c5e5bef5508165efb04f83cf4dd23ff2732c78096f,help swapping an article of purchase113542617735902,change_order,False,change_order,False,"I'm on the same page that you need assistance with swapping an article in purchase number 113542617735902. I apologize for any inconvenience this may have caused. To swap an article, you can reach out to our customer support team either through our website or by calling our dedicated helpline. They will guide you through the process and ensure that your article is swapped as quickly as possible. We appreciate your patience and cooperation in resolving this matter.",fabricated_contact_details;unnecessary_escalation,,,,,,,,
3,3,risk:fabricated_fees_or_timelines,12591,dev_176,dac237ce2623217ece5b08f40e934b6782d63656b08c3f0fc290f20a0fa020fe,I need to check what shipment options I can choose,delivery_options,False,delivery_options,False,"We're here to assist you in exploring our shipment options! We offer a variety of shipping methods to ensure your delivery meets your expectations. Here are the options available to you: 1. Standard Shipping: This option typically takes 5-7 business days to deliver your package. 2. Expedited Shipping: If you need your package faster, we offer this option, which usually arrives within 2-3 business days. 3. Overnight Shipping: For urgent deliveries, we provide this option, which ensures your package will arrive the next business day. 4. In-Store Pickup: If you prefer to pick up your package in-store, we offer this option, allowing you to collect your items directly from our location. Please note that the specific shipping costs may vary depending on the destination and the chosen option. If you have any further questions or need assistance with a specific shipment, feel free to let me know. I'm here to help you make the best decision for your delivery needs.",fabricated_fees_or_timelines,,,,,,,,
4,3,risk:fabricated_fees_or_timelines,12762,dev_125,c8b85ab8b4fbc47f00101afc421e0e0f7e8a396949ebefc47649f106adb01005,"I need to see what delivery methods you offer, help me",delivery_options,False,delivery_options,False,"We're here to assist you in exploring our delivery methods! We offer a variety of options to ensure your convenience and satisfaction. Here are the delivery methods we provide: 1. Standard Shipping: This method typically takes 3-5 business days to deliver your items. 2. Expedited Shipping: If you need your items faster, we offer this option, which usually takes 1-2 business days. 3. Overnight Shipping: For urgent deliveries, we provide this option, which ensures your items arrive the next business day. 4. In-Store Pickup: If you prefer to pick up your items in-store, we offer this option, allowing you to collect your items directly from our store. 5. Home Delivery: We also offer home delivery services, ensuring your items are delivered to your doorstep. If you have any specific questions or need further assistance, please feel free to let me know. I'm here to help you find the perfect delivery method that suits your needs.",fabricated_fees_or_timelines,,,,,,,,
5,4,risk:unsupported_action_completion,362,dev_183,0e2d957d2856d8a680e747413403d4907d36eed51f046d4be119b004b579f828,I need assistance cancelling purcjase {{Order Number}},cancel_order,False,cancel_order,False,"I'm sorry to hear that you need assistance with canceling your purchase with the order number {{Order Number}}. I understand how frustrating it can be to encounter difficulties during the cancellation process. To better assist you, could you please provide more details about the specific issues you are facing? This will help me identify the best course of action and ensure that your purchase is cancelled as smoothly as possible. Thank you for your cooperation and patience.",unsupported_action_completion,,,,,,,,
6,4,risk:unsupported_action_completion;risk:unnecessary_escalation;manual_qa_seed_42,686,dev_031,0791cf74e4aba1fed96138c17fcd6152d663aec38329546d49f88da013225971,"I bought some items, cancel order {{Order Number}}",cancel_order,False,cancel_order,False,"I'm sorry to hear that you're considering canceling order {{Order Number}}. I understand that you may have had some issues with the purchase, and I'm here to assist you in resolving this matter. To cancel your order, you can reach out to our customer support team either through our website or by calling our helpline. They will guide you through the cancellation process and ensure that your order is properly canceled. Please let me know if there's anything else I can do to help you with this situation.",unsupported_action_completion;unnecessary_escalation,,,,,,,,
7,4,risk:unsupported_action_completion;risk:unnecessary_escalation;escalation_false_positive,6087,dev_229,83b400ebba6707dda0061f9fed5ab2b7a3e5a5941f745c8f06def6335cae6eb5,help me see in what cases can I reuest my money back,check_refund_policy,False,get_refund,True,"I'm here to assist you in understanding the various cases in which you can request your money back. It's important to know the specific circumstances that qualify for a refund to ensure you receive the support you need. Here are some common scenarios where you can request your money back: 1. **Product/Service Defect:** If you receive a product or service that is defective or does not meet the expected quality standards, you can typically request a refund. 2. **Cancellation within Grace Period:** If you decide to cancel your purchase within the grace period specified by the seller, you may be eligible for a refund. 3. **Unauthorized Charges:** If you notice any charges on your account that you did not authorize or recognize, you can request a refund for those charges. 4. **Duplicate Charges:** If you receive duplicate charges for the same item or service, you can request a refund for the duplicate charges. 5. **Non-receipt of Goods:** If you have not received the goods or services within the expected delivery time, you can request a refund. 6. **Event Cancellation:** If you have purchased tickets for an event that gets canceled, you may be eligible for a refund. 7. **Event Cancellation within Grace Period:** If you cancel your purchase within the grace period for the event, you may be eligible for a refund. 8. **Event Cancellation within Event Duration:** If you cancel your purchase within the duration of the event, you may be eligible for a refund. 9. **Event Cancellation within Event Duration and Event Cancellation:** If you cancel your purchase within the duration of the event and within the grace period, you may be eligible for a refund. 10. **Event Cancellation within Event Duration and Event Cancellation within Grace Period:** If you cancel your purchase within the duration of the event, within the grace period, and within the event cancellation window, you may be eligible for a refund. It's essential to review the terms and conditions of your purchase or subscription agreement to understand the specific requirements and limitations. If you have any specific concerns or questions regarding a particular case, please provide more details, and I'll be happy to assist you further. Remember, I'm here to help you every step of the way.",unsupported_action_completion;unnecessary_escalation,wrong_intent;wrong_needs_human,,,,,,,
8,4,risk:unsupported_action_completion,6252,dev_006,6a5961d5c85467392756bd6f1e32105128eea64218343625536811d2da6f2c0d,"I have to see how long refunds take, I need help",check_refund_policy,False,track_refund,False,"I'm on it! I'm here to assist you in checking the estimated time it takes for refunds to be processed. To provide you with the most accurate information, could you please provide me with the {{Refund Number}} or {{Order Number}}? With this information, I'll be able to give you an update on the refund process and the estimated time it will take. Your patience is greatly appreciated!",unsupported_action_completion,wrong_intent,,,,,,,
9,4,risk:unsupported_action_completion;risk:unnecessary_escalation;escalation_false_positive;manual_qa_seed_42,6268,dev_013,0b24582e99d78cdf30f38dd42a4a4942ee34d06b2e2909bbc56c6ef32de09fb9,hlp seeing ur money back guarantee,check_refund_policy,False,get_refund,True,"I'm sorry to hear that you're experiencing difficulties in seeing your money back. Our company is committed to ensuring a smooth refund process for our customers. To better assist you, could you please provide more details about the specific issue you're facing? This will help us identify the best course of action and ensure that your money is refunded as quickly as possible. Thank you for your cooperation and patience.",unsupported_action_completion;unnecessary_escalation,wrong_intent;wrong_needs_human,,,,,,,
10,4,risk:unsupported_action_completion,10851,dev_030,f4e44f79a76749c7213d828c21e57d89668583f20a52a7cfca569fa573f88466,where do I create a gold account?,create_account,False,create_account,False,"I'm happy to help! To create a {{Account Category}} account, you can visit our website and navigate to the account registration page. From there, you will need to provide some basic information such as your full name, email address, and a username. Once you have completed the registration process, you will be able to access all the features and benefits of our {{Account Category}} account.",unsupported_action_completion,,,,,,,,
11,4,risk:unsupported_action_completion,26316,dev_299,719f883dbfac18b9af17b7464e8f31c596bb79dfa9aaf65707195864378ff873,how to see the reimbursement current status,track_refund,False,track_refund,False,"I'm on it! I'm here to assist you in checking the current status of your reimbursement. To view the current status, you can visit the ""My Account"" section on our website. There, you will find an option to view your pending refunds or refunds that are currently being processed. Simply log in to your account and navigate to the ""My Account"" page. From there, you should be able to see the status of your reimbursement. If you have any further questions or need additional assistance, please feel free to let me know. I'm here to help you every step of the way!",unsupported_action_completion,,,,,,,,
12,5,risk:unnecessary_escalation;escalation_false_positive,791,dev_040,64c78c274007a59e15c4328f8076549c69239a98808d9ea05de70139a1e65272,i cannot pay for these product how do i cancel the order,cancel_order,False,cancel_order,True,"I'm sorry to hear that you're unable to make the payment for the products you purchased. I understand that you may have encountered difficulties or concerns during the payment process. To assist you with canceling the order, I recommend reaching out to our customer support team directly. They will be able to guide you through the cancellation process and provide you with the necessary steps to proceed. Please provide them with the order number or any other relevant details, and they will assist you further. Thank you for your cooperation and understanding.",unnecessary_escalation,wrong_needs_human,,,,,,,
13,5,risk:unnecessary_escalation;escalation_false_positive,6623,dev_086,c3379a290b71235ffce143c16eadca2ffcfca5044304335899c04f47b96825f7,in what situations can I request to be refunded ?,check_refund_policy,False,get_refund,True,"We understand that you may have encountered an issue that requires a refund. We apologize for any inconvenience caused. To request a refund, you can reach out to our customer support team either through our website or by calling our dedicated helpline. Our team will assist you in processing the refund and ensure that your concerns are addressed promptly. We appreciate your patience and cooperation in this matter.",unnecessary_escalation,wrong_intent;wrong_needs_human,,,,,,,
14,5,risk:unnecessary_escalation;escalation_false_positive,6643,dev_085,38e850fdd82bd11b0cfc962b183d298295530496ba9fe45ec73db09f154b388b,can I see in which cases can I ask for a reimbursement?,check_refund_policy,False,get_refund,True,"I'm here to help! I'm here to assist you in understanding the cases in which you can ask for a reimbursement. To better assist you, could you please provide more details about the situation or the specific circumstances leading to the need for a reimbursement? This will help me provide you with the most accurate information and guide you on the appropriate steps to take. Your feedback is valuable to us, and I'm committed to ensuring your satisfaction.",unnecessary_escalation,wrong_intent;wrong_needs_human,,,,,,,
15,5,risk:unnecessary_escalation;escalation_false_positive,22360,dev_146,5d1a7aed6236a4ba2f98ea13cd6d4cff519c0261563202d723f9668b5381383d,is there an address to leave a comment for a service?,review,False,contact_customer_service,True,"Thank you for reaching out! I'm here to assist you in leaving a comment for our service. To do so, you can visit our website and navigate to the contact page. From there, you can find the option to leave a comment or message. Please provide us with the necessary details, such as your name, email address, and a brief message or question. We appreciate your feedback and look forward to hearing from you.",unnecessary_escalation,wrong_intent;wrong_category;wrong_needs_human,,,,,,,
16,5,risk:unnecessary_escalation;escalation_false_positive,22739,dev_269,4240e5b57c746ed794f61ba8558bbfb819b78cfd5219632ebd6717fbc5112f73,assistance to write a comment for ur company,review,False,contact_human_agent,True,"Thank you for reaching out! I'm here to assist you in writing a comment for our company. To get started, could you please provide me with the specific details of the comment you would like to write? This will help me guide you through the process and ensure that your comment is tailored to your needs. Your feedback is valuable to us, and I'm committed to making your experience as smooth and informative as possible.",unnecessary_escalation,wrong_intent;wrong_category;wrong_needs_human,,,,,,,
17,5,risk:unnecessary_escalation;escalation_false_positive,24269,dev_035,11f4957dcea9109a08ab5a1e41cdb84e338682efcc07a94fc070c157860e73cf,assistance using the standard profile,switch_account,False,contact_human_agent,True,"Thank you for reaching out! I'm here to assist you with using the standard profile. To get started, could you please provide me with your contact details? This will allow me to connect you with the appropriate person who can guide you through the process. Rest assured, I'm here to ensure a seamless experience for you.",unnecessary_escalation,wrong_intent;wrong_category;wrong_needs_human,,,,,,,
18,6,manual_qa_seed_42,1261,dev_257,e5ae2431129b29805aa8ff7f2f4c79b23dbeabccb21ca32f9a32a7c37b9aff5c,change purxhase {{Order Number}},change_order,False,change_order,False,"I'm on the same page that you're looking to make changes to your purchase with the order number {{Order Number}}. To assist you with this, could you please provide more details about the specific changes you would like to make? This will help us ensure that we address your concerns effectively and provide you with the best possible experience. Thank you for reaching out to us, and we appreciate your patience as we work together to resolve any issues you may have.",,,,,,,,,
19,6,manual_qa_seed_42,1274,dev_108,e5ae2431129b29805aa8ff7f2f4c79b23dbeabccb21ca32f9a32a7c37b9aff5c,change purxhase {{Order Number}},change_order,False,change_order,False,"I'm on the same page that you're looking to make changes to your purchase with the order number {{Order Number}}. To assist you with this, could you please provide more details about the specific changes you would like to make? This will help us ensure that we address your concerns effectively and provide you with the best possible experience. Thank you for reaching out to us, and we appreciate your patience as we work together to resolve any issues you may have.",,,,,,,,,
20,6,risk:unnecessary_escalation;manual_qa_seed_42,4644,dev_191,2e3e933e5d884cb9f73bae60e50a893e62c193998dab87718253deb529a830dc,see the damn bills from {{Person Name}},check_invoice,False,get_invoice,False,"I'm on it! I'm here to assist you in accessing the bills from {{Salutation}} {{Client Last Name}}. To view the bills, you can log in to your account on our website and navigate to the ""Billing"" or ""Invoices"" section. Alternatively, you can reach out to our customer support team through our live chat or phone number, and they will be able to provide you with the necessary information. If you have any other questions or concerns, feel free to let me know. I'm here to help you every step of the way!",unnecessary_escalation,wrong_intent,,,,,,,
21,6,risk:unnecessary_escalation;manual_qa_seed_42,6159,dev_154,e6f728db1ac538d40ce2290a34f802b8958d830e2bb61b4ae942b57790f7f727,assistance to check in which cases can i request a refund,check_refund_policy,False,check_refund_policy,False,"I'm here to assist you in understanding the cases in which you can request a refund. Our refund policy is designed to ensure fairness and customer satisfaction. Here are the general scenarios in which you can request a refund: 1. **Product/Service Defect:** If you receive a product or service that is defective or does not meet the advertised specifications, you are eligible for a refund. 2. **Cancellation within Grace Period:** If you decide to cancel your purchase within the grace period specified in our terms and conditions, you should be able to request a refund. 3. **Unauthorized Charges:** If you notice any charges on your account that you did not authorize, please reach out to us immediately. We will investigate the situation and assist you in resolving the issue. 4. **Duplicate Charges:** If you receive duplicate charges for the same product or service, please inform us so that we can investigate and rectify the situation. 5. **Non-receipt of Goods:** If you have not received the product or service within the expected delivery timeframe, please contact our customer support team. We will assist you in resolving the issue and providing a refund if necessary. It's important to note that the specific refund policy may vary depending on the product or service you purchased. We recommend reviewing the terms and conditions of your purchase or contacting our customer support for detailed information. If you have any specific concerns or questions regarding a particular purchase, please provide me with the necessary details, and I will be happy to assist you further.",unnecessary_escalation,,,,,,,,
22,6,manual_qa_seed_42,7602,dev_152,1df76ad7206d26e2c657be322a0d185f29afa3f89e6bdee7972ce1489218b627,I don't know how I can file a consumer claim,complaint,True,complaint,True,"I'm sorry to hear that you're unsure about how to file a consumer claim. I'm here to assist you in navigating this process and ensuring that your concerns are addressed. To file a consumer claim, you can reach out to our customer support team either through our website or by calling our dedicated helpline. They will guide you through the necessary steps and provide you with the required documentation to file your claim. Rest assured, we take consumer claims seriously and will work diligently to resolve any issues you may have.",,,,,,,,,
23,6,manual_qa_seed_42,8309,dev_288,6e86427540f00910633a6d159373d0f92a17296c5a2d90ccf4ed37b4ed94767b,I don't know what to do to speak with customer assistance,contact_customer_service,True,contact_customer_service,True,"I'm sorry to hear that you're unsure about how to reach our customer assistance team. Our dedicated team is here to help you every step of the way. To speak with a representative, you can reach out to our customer support hotline at {{Customer Support Phone Number}} or send an email to {{Customer Support Email}}. Our team is available {{Customer Support Hours}} to assist you. If you have any other questions or concerns, please feel free to let me know. I'm here to help you every step of the way.",,,,,,,,,
24,6,manual_qa_seed_42,10598,dev_105,5750ab6a601f2cdd6398cebcc0f4438e55188fa5fe7846c694e2635cf9fe2130,opening premium account for wife,create_account,False,create_account,False,"I'm thrilled to hear that you're looking to open a premium account for your wife! It's wonderful to see her enjoying the benefits of our exclusive membership. To get started, could you please provide me with her full name, email address, and a preferred username? Once I have these details, I'll guide you through the process of creating her premium account. Rest assured, we value your privacy and security, and we'll ensure that her account is well-protected throughout the entire process.",,,,,,,,,
25,6,manual_qa_seed_42,10729,dev_284,74a095a844415fa0e7f66b294694edca050d7d98b95644a9c2addec47bafc65c,i have problems with opening a pro account,create_account,False,create_account,False,"I'm sorry to hear that you're experiencing difficulties in opening a {{Account Type}} account. I understand how frustrating it can be when you encounter problems. To better assist you, could you please provide more details about the specific issues you're facing? This will help me identify the best course of action and provide you with the most suitable solution. Your feedback is valuable to us, and we're here to ensure a smooth account opening experience for you.",,,,,,,,,
26,6,manual_qa_seed_42,11215,dev_298,c14b9da59c7c0ea8b09c90805ff3835f031d8349273b6d150b2cab50dd362f5a,I have a problem with the deletion of a {{Account Type}} account,delete_account,True,delete_account,True,"I'm sorry to hear that you're experiencing difficulties with the deletion of your {{Account Type}} account. I understand how frustrating it can be to encounter problems during the account cancellation process. To better assist you, could you please provide more details about the specific issue you're facing? This will help me identify the best course of action and ensure that we address the problem promptly. Thank you for reaching out to us, and I appreciate your patience as we work together to resolve this matter.",,,,,,,,,
27,6,manual_qa_seed_42,11955,dev_264,a4901762ccace3fbc2bc73a3cfbe62213210fc9cf29c7ba7c3fe7568098d2349,I would like to see what goddamn delivery options I have,delivery_options,False,delivery_options,False,"I'm on it! I'm here to assist you in exploring our delivery options. To view the available delivery methods, please visit our website and navigate to the ""Delivery"" section. There, you will find a comprehensive list of our delivery options, including estimated delivery times, delivery areas, and any additional charges. If you have any specific questions or need further assistance, feel free to let me know. I'm here to help you make the most informed decision for your delivery needs.",,,,,,,,,
28,6,manual_qa_seed_42,12654,dev_209,25bf47e60e9dee34cffa7eeabf397522bde96045b17e14391a25d736b7e2d87f,"I need to see what damn shipment options I have, help me",delivery_options,False,delivery_options,False,"I'm on it! I'm here to assist you in exploring the shipment options available to you. To view the available shipping methods, please follow these steps: 1. Log in to your account on our website. 2. Navigate to the ""Shipping"" or ""Delivery"" section. 3. You should see a list of shipping options. 4. Click on the ""View All"" or ""See All"" button to expand the list. 5. You will be able to see all the available shipping methods, including ground shipping, express shipping, and international shipping. If you have any further questions or need additional assistance, feel free to let me know. I'm here to help you every step of the way!",,,,,,,,,
29,6,manual_qa_seed_42,12931,dev_217,37628b734df22ae12eae1fcccd6f368897a15d1855f476a87c19d72e968d46f0,how do i check how son can i expect my item,delivery_period,False,delivery_period,False,"We understand your curiosity about the estimated delivery time for your item. To provide you with the most accurate information, could you please provide us with the {{Tracking Number}} or {{Order Number}}? With this information, we can give you an estimated delivery date. We appreciate your patience and cooperation in this matter.",,,,,,,,,
30,6,manual_qa_seed_42,13721,dev_050,56ffefa0a26cd3797a6243b5da5ee5493cdb0f9a5f6311ab9ed62e28e2efd15c,"I have to check how soon can I expect my parcel, help me",delivery_period,False,delivery_period,False,"We understand your eagerness to track your parcel and know that you're eager to receive it as soon as possible. To provide you with the most accurate information, could you please provide us with the {{Tracking Number}} or {{Order Number}}? With this information, we'll be able to give you an estimated delivery date and update you on the progress of your parcel. Your patience is greatly appreciated, and we're here to assist you every step of the way.",,,,,,,,,
31,6,manual_qa_seed_42,14348,dev_078,2093bc1f3a4dfd7713383664d26c75908d29cd6bb89f3143140668f4533c455e,updating data on platinum account,edit_account,False,edit_account,False,"I'm happy to help! I understand that you need to update the data on your {{Account Category}} account. To ensure a smooth process, could you please provide me with the specific details you would like to update? This will allow me to assist you effectively and ensure that your account data is accurate and up-to-date. Thank you for your cooperation, and I look forward to helping you with your account updates.",,,,,,,,,
32,6,manual_qa_seed_42,16798,dev_189,e8e2dd54c243f0088fd0250e58b926511f7c896f0803bb43fb5bc60eda856627,how could i get a retsitution of my money,get_refund,True,get_refund,True,"I'm sorry to hear that you're seeking a refund for your money. I understand that you may have encountered an issue that prevented you from receiving the satisfaction you expected. To assist you in obtaining a refund, I recommend reaching out to our customer support team. They will be able to guide you through the process and provide you with the necessary information to initiate the refund. Rest assured, we are committed to resolving this matter and ensuring that you receive the compensation you deserve.",,,,,,,,,
33,6,manual_qa_seed_42,17102,dev_225,4fa052f71f5b86b29f59dbb4626b32df2b6a21054cdf1fd8e54425ba8c5082b4,wanna know about canceling the newsletter subscription,newsletter_subscription,False,newsletter_subscription,False,"I'm happy to help! I understand that you would like to know more about canceling your newsletter subscription. To do so, you can log in to your account and navigate to the ""Newsletter"" section. From there, you should be able to find the option to unsubscribe or cancel your subscription. If you have any further questions or need assistance with the process, please feel free to let me know. I'm here to help you every step of the way!",,,,,,,,,
34,6,manual_qa_seed_42,18218,dev_286,9548ae23795d2eb7da88a01a0cd672c3671f857bab06752f07573fd678cfacac,I want help to notify of errors with payments,payment_issue,True,payment_issue,True,"I'm sorry to hear that you're experiencing errors with your payments. I understand how frustrating it can be to receive notifications about these issues. To better assist you, could you please provide more details about the specific errors you're encountering? This will help me provide you with the most accurate guidance and support. Rest assured, I'm here to help you navigate through this and find a solution.",,,,,,,,,
35,6,manual_qa_seed_42,18289,dev_068,e4e87db67bac965e43011128cf3037f99e0313280ef87cc15e0c107ddaab97a1,can you help me notify of a payment issue?,payment_issue,True,payment_issue,True,"I'm sorry to hear that you're experiencing a payment issue. I'm here to assist you in notifying us about the problem. To better understand the issue, could you please provide more details about the specific error message or any other relevant information? This will help us investigate the problem and find a solution for you. Thank you for reaching out to us, and we appreciate your patience as we work together to resolve this payment issue.",,,,,,,,,
36,6,manual_qa_seed_42,19340,dev_069,b521782ffe442e5353a3bdf6ee999683ff0bd8d4cdc9ddbaa0b1fc662dbfcce9,i need assistance acquiring some rpoducts,place_order,False,place_order,False,"I'm happy to help! I'm here to assist you in acquiring the products you need. To get started, could you please provide me with the specific details of the products you are interested in? Once I have that information, I'll guide you through the process and ensure that you have a smooth and successful experience. Let's work together to make your purchase a breeze!",,,,,,,,,
37,6,risk:unnecessary_escalation;manual_qa_seed_42,19902,dev_228,639f1cb5df1cd1516e1287c24b4c8d81606fe0c52bd29a18267432dbe1187039,where can i find information about the pin code recovery,recover_password,False,recover_password,False,"I'm on it! I'm here to guide you on how to find information about pin code recovery. To recover your pin code, you can follow these steps: 1. Log in to your account on our website or app. 2. Navigate to the ""Account Settings"" or ""Security"" section. 3. Look for the ""Pin Code"" or ""PIN"" option. 4. Click on it to access the pin code recovery process. 5. Follow the on-screen instructions to reset your pin code. If you encounter any difficulties or have further questions, please don't hesitate to reach out to our customer support team. They are available {{Customer Support Hours}} at {{Customer Support Phone Number}} or through the Live Chat on our website at {{Website URL}}. We're here to assist you every step of the way.",unnecessary_escalation,,,,,,,,
38,6,risk:unnecessary_escalation;manual_qa_seed_42,19966,dev_115,3f26999543d1b85eb429d1e2145b91f8b686f1dc2ad00a84ac486d1dc4fb4427,I would like to recover the key of my user account,recover_password,False,recover_password,False,"I'm on it! I'm here to assist you in recovering the key of your user account. To initiate the recovery process, please follow these steps: 1. Visit the '{{Login Page URL}}' on our website. 2. Look for the '{{Forgot Password}}' or '{{Forgot Username}}' option and click on it. 3. You will be prompted to enter the email address or username associated with your user account. 4. Please provide the necessary information and click on the '{{Submit}}' button. 5. You will receive an email with instructions on how to reset your password. If you don't receive the email within a few minutes, please check your spam or junk folder. 6. Follow the instructions in the email to reset your password. If you encounter any difficulties or have further questions, please don't hesitate to reach out to our customer support team. We're here to help you every step of the way. Remember, your security is our top priority, and we're committed to ensuring a seamless recovery process for you.",unnecessary_escalation,,,,,,,,
39,6,manual_qa_seed_42,23115,dev_242,fb8a5adc7e5d719441e1b84246fb5e54fff1a3b9b1e22646b29c285df168a741,I need assistance to enter the new shipping address,set_up_shipping_address,False,change_shipping_address,False,"I'm here to help! I understand that you need assistance in entering the new shipping address. Please follow these steps: 1. Log in to your account on our website. 2. Navigate to the ""My Account"" or ""Profile"" section. 3. Look for the ""Shipping Addresses"" or ""Address Book"" option. 4. Click on it to view or edit your existing shipping addresses. 5. Locate the address you want to update and click on the ""Edit"" or ""Change"" button. 6. Fill in the details of the new shipping address in the provided fields. 7. Double-check all the information to ensure accuracy. 8. Save the changes by clicking on the ""Save"" or ""Update"" button. If you encounter any difficulties or have further questions, please don't hesitate to let me know. I'm here to assist you every step of the way.",,wrong_intent,,,,,,,
40,6,manual_qa_seed_42,23206,dev_074,de8ee0fd10be2325bed10eed5802dcdca27d9dadc531eadcd0de6820b877e368,I have troubles submitting the shipping address,set_up_shipping_address,False,change_shipping_address,False,"I'm sorry to hear that you're experiencing difficulties while submitting your shipping address. I understand how frustrating it can be to encounter issues during the process. To assist you better, could you please provide more details about the specific troubles you're facing? This will help me identify the best solution for you. Thank you for reaching out to us, and I'm here to help you resolve this matter.",,wrong_intent,,,,,,,
41,6,manual_qa_seed_42,23924,dev_294,ff5e9356c3682271451a78e0612819ed8f4e57249e48de8081bfa53a71e74d2f,using freemium account,switch_account,False,create_account,False,"I'm thrilled to hear that you're interested in using our {{Account Type}} account! It's fantastic to see your commitment to exploring our platform. To get started, could you please provide me with your full name, email address, and a preferred username? Once I have this information, I'll guide you through the process of creating your {{Account Type}} account and ensure you have all the necessary details to make the most of our platform. Let's embark on this exciting journey together!",,wrong_intent,,,,,,,
42,6,manual_qa_seed_42,25304,dev_139,270123efd2e01d2b3513809e4aed6a20e275334d9d68ecff76a64c355552bcd9,check the current status of purchase {{Order Number}},track_order,False,track_order,False,"I'm on the same page that you are, and I understand that you would like to check the current status of your purchase with the purchase number {{Order Number}}. To provide you with the most accurate information, could you please provide me with the {{Order Number}}? With that information, I will be able to assist you further and give you an update on the status of your purchase.",,,,,,,,,
43,6,manual_qa_seed_42,25309,dev_136,06b9a8041a2a7ecd1ccffeb49476d67162ba04a1e0b72a2dd3847eeb292ba51b,i need help checking the status or purchase {{Order Number}},track_order,False,track_order,False,"I'm on the same page that you need assistance in checking the status or purchase details for order number {{Order Number}}. To check the status of your order, you can visit the '{{Online Order Interaction}}' section on our website. There, you will find all the information you need, including the current status of your order. If you have any further questions or need further assistance, please feel free to let me know. I'm here to help you every step of the way.",,,,,,,,,
44,6,manual_qa_seed_42,25930,dev_184,16bfe043461257638eb7a45c7d01eaebee21f86c80cfadb65852a90f0a95f32d,help checking if there is anything wrong with the refund,track_refund,False,check_refund_policy,False,"I'm here to assist you in checking if there is anything wrong with the refund. To better assist you, could you please provide more details about the specific issue you are facing? This will help me identify the best course of action and provide you with the most accurate information. Your feedback is valuable to us, and we appreciate your patience as we work together to resolve this matter.",,wrong_intent,,,,,,,
45,6,manual_qa_seed_42,26623,dev_292,198db6d75c01093b5887ee0532caa56b349fd73f593b62807ed0b784aec6194c,I try to see my compensation current status,track_refund,False,check_cancellation_fee,False,"I'm on it! I'm here to assist you in checking the current status of your compensation. To view the details, please log in to your account and navigate to the ""Cancellation Fees"" section. There, you will find all the information regarding the current status of your compensation. If you have any further questions or need additional assistance, feel free to let me know. I'm here to help you every step of the way!",,wrong_intent;wrong_category,,,,,,,
46,7,risk:unnecessary_escalation,6,dev_024,51f3eee0e6c8fe9dd85591c31ec249d78d3fc3f69f7b2b276450ab20648f50e5,"I can no longer afford order {{Order Number}}, cancel it",cancel_order,False,cancel_order,False,"I'm sorry to hear that you're unable to afford order {{Order Number}}. I understand how frustrating it can be to cancel an order when you're facing financial constraints. To assist you with this, I recommend reaching out to our customer support team directly. They will be able to provide you with the necessary guidance and support to cancel your order. Rest assured, we are here to help you navigate this situation and ensure a smooth resolution.",unnecessary_escalation,,,,,,,,
47,7,risk:unnecessary_escalation,318,dev_144,4da485eb6b14f6009e395b4356e87920a7fc16e7ca28d02d62c2cbe2c0e5b55c,i do not know how to cancel purchasw {{Order Number}},cancel_order,False,cancel_order,False,"I'm sorry to hear that you're unsure about how to cancel your purchase with the order number {{Order Number}}. Let me guide you through the process step by step. First, please log in to your account on our website. Once you're logged in, navigate to the ""My Orders"" section. There, you should be able to find the purchase with the order number {{Order Number}}. Click on it to view the details of your purchase. Look for the ""Cancellation"" or ""Refund"" option, and follow the instructions provided. If you encounter any difficulties or have further questions, please don't hesitate to reach out to our customer support team. They are available {{Customer Support Hours}} at {{Customer Support Phone Number}} or through the Live Chat on our website at {{Website URL}}. We're here to assist you every step of the way.",unnecessary_escalation,,,,,,,,
48,7,risk:unnecessary_escalation,899,dev_296,51f3eee0e6c8fe9dd85591c31ec249d78d3fc3f69f7b2b276450ab20648f50e5,"I can no longer afford order {{Order Number}}, cancel it",cancel_order,False,cancel_order,False,"I'm sorry to hear that you're unable to afford order {{Order Number}}. I understand how frustrating it can be to cancel an order when you're facing financial constraints. To assist you with this, I recommend reaching out to our customer support team directly. They will be able to provide you with the necessary guidance and support to cancel your order. Rest assured, we are here to help you navigate this situation and ensure a smooth resolution.",unnecessary_escalation,,,,,,,,
49,7,risk:unnecessary_escalation,1859,dev_159,76a0f32a657388901a4d806956f2ad5860ea1429469538e4474272fddc3b4cb5,help to swap several items of order {{Order Number}},change_order,False,change_order,False,"I'm on the same page that you need assistance with swapping several items in your order with the number {{Order Number}}. To swap items, you can reach out to our customer support team either through our website or by calling our dedicated helpline. They will guide you through the process and ensure that your order is updated accordingly. Don't worry, we're here to help you every step of the way.",unnecessary_escalation,,,,,,,,
50,7,risk:unnecessary_escalation,2641,dev_187,2444c59cac98b26a14a603279e946ee9c6ee3fbc1d415ca1bf73b340ec62e8fe,could you tell me more about changing my delivery address?,change_shipping_address,False,change_shipping_address,False,"Of course! I'm here to guide you through the process of changing your delivery address. To update your address, you can log in to your account on our website and navigate to the ""My Account"" section. From there, you'll find an option to edit your shipping address. Simply select that option and follow the prompts to enter the new address details. If you encounter any difficulties or have further questions, feel free to reach out to our customer support team.",unnecessary_escalation,,,,,,,,
51,7,risk:unnecessary_escalation,5505,dev_224,6eab469b1091522433fc6050209adca78c8182ca99ddcfb53dfb910635d7dacf,what do I have to do to list the allowed payment methods?,check_payment_methods,False,check_payment_methods,False,"I'm happy to help! To list the allowed payment methods, you can follow these steps: 1. Log in to your account on our website. 2. Navigate to the ""Payment Methods"" or ""Checkout"" section. 3. Look for the ""Payment Options"" or ""Payment Methods"" tab. 4. You should see a list of the allowed payment methods available to you. If you don't see the payment methods you're looking for, you can also reach out to our customer support team for further assistance. They will be able to provide you with the specific payment methods that are currently available to you. Remember, we strive to offer a wide range of payment options to ensure convenience and flexibility for our customers.",unnecessary_escalation,,,,,,,,
52,7,risk:unnecessary_escalation,14310,dev_016,f41e68e94b756dde25f05665db7c1634fde9a29526032eaae7e095d8fbd1a885,how to update the info on my user profile?,edit_account,False,edit_account,False,"I'm glad you reached out to us for assistance in updating the information on your user profile. I'm here to guide you through the process and ensure that your profile is updated accurately. To update the information on your user profile, you can log in to your account on our website or app and navigate to the profile section. From there, you will find an option to edit the information. Please follow the prompts and provide the necessary details to update your profile. If you encounter any difficulties or have further questions, feel free to reach out to our customer support team. We're here to help you every step of the way!",unnecessary_escalation,,,,,,,,
53,7,risk:unnecessary_escalation,17855,dev_073,c08aec8449b8ee8fca298e8b04e3c94a1729c4ff26ac3842d85ab7186091c1a9,"I have to receive the newsletter, how could I do it?",newsletter_subscription,False,newsletter_subscription,False,"I'm glad you're interested in receiving our newsletter! To subscribe, you can visit our website and navigate to the ""Newsletter"" section. There, you'll find all the necessary information on how to sign up. If you encounter any difficulties or have any questions along the way, feel free to reach out to our customer support team. They are available {{Customer Support Hours}} at {{Customer Support Phone Number}} or through the Live Chat on our website at {{Website URL}}. We're here to assist you every step of the way!",unnecessary_escalation,,,,,,,,
54,7,risk:unnecessary_escalation,19037,dev_065,fac47a13f65aed55a0506ce93a24300d710553594e9e831372e6cf7b75bb6c08,i dont know what i need to do to shop a few of ur product,place_order,False,place_order,False,"I'm glad you're interested in shopping our products! I'm here to guide you through the process and ensure a seamless experience. To shop our products, you can visit our website and navigate to the product page. From there, you can browse through our collection and select the items you like. Once you've found the products you want, you can add them to your cart and proceed to checkout. If you have any questions or need further assistance, feel free to reach out to our customer support team.",unnecessary_escalation,,,,,,,,
55,7,risk:unnecessary_escalation,20172,dev_067,622732123fe685ae26521f618d5032954748a7bd75599646e29295e5aa0590ca,is it possible to reset the keyof my user account,recover_password,False,recover_password,False,"I'm on it! I'm here to assist you in resetting the key for your user account. To reset the key, please follow these steps: 1. Go to the '{{Login Page URL}}' on our website. 2. Look for the '{{Forgot Password}}' or '{{Password Reset}}' option and click on it. 3. You will be prompted to enter your email address associated with your user account. Please provide the correct email address. 4. After entering the email address, you will receive an email with instructions on how to reset your key. 5. Follow the instructions in the email to reset your key. If you encounter any difficulties or have any further questions, please don't hesitate to reach out to our customer support team. We're here to help you every step of the way.",unnecessary_escalation,,,,,,,,
56,7,risk:unnecessary_escalation,20366,dev_277,219db894e1c38f9e2162b2d6d8fe9e112fc8dd854d1388e5c025e94b88690338,"I lost my password, I need help recovering it",recover_password,False,recover_password,False,"I'm sorry to hear that you're experiencing difficulties with retrieving your password. I understand how frustrating it can be to lose access to your account. Let me guide you through the process of recovering your password. First, please visit our website and navigate to the ""{{Login Page URL}}"". There, you will find a section labeled ""{{Forgot Password}}"" or something similar. Click on that option to initiate the password recovery process. Once you're on the recovery page, you will be prompted to provide some additional information, such as your email address or username associated with your account. Please enter the correct information and follow the on-screen instructions to reset your password. If you encounter any difficulties or have further questions, please don't hesitate to reach out to our dedicated support team. They are available {{Customer Support Hours}} at {{Customer Support Phone Number}} or through the Live Chat on our website at {{Website URL}}. We're here to assist you every step of the way.",unnecessary_escalation,,,,,,,,
57,7,risk:unnecessary_escalation,20403,dev_082,2a915b6a4231e8af14d1c30f6a1a39c6cc2ebdd5568b3911b177819be0456318,where do i recover the pin of my profile,recover_password,False,recover_password,False,"I'm on it! I'm here to assist you in recovering the PIN of your profile. To do so, please follow these steps: 1. Visit the ""{{Login Page URL}}"" on our website. 2. Look for the ""{{Forgot PIN}}"" option and click on it. 3. You will be prompted to enter the email address associated with your profile. Please provide the correct email address. 4. Once you've entered the email address, click on the ""{{Submit}}"" button. 5. You will receive an email with instructions on how to reset your PIN. Follow the instructions in the email to recover your PIN. If you encounter any difficulties or have further questions, please don't hesitate to reach out to our customer support team. They are available {{Customer Support Hours}} at {{Customer Support Phone Number}} or through the Live Chat on our website at {{Website URL}}.",unnecessary_escalation,,,,,,,,
58,7,risk:unnecessary_escalation,20688,dev_039,c9750cc985ef9083aebbbb5486fe455fa620cbddd7a439cf3fbd0c3e7daf46d6,"I can't remembner my pass, can you help me to retrieve it?",recover_password,False,recover_password,False,"I'm sorry to hear that you're having trouble remembering your password. Don't worry, I'm here to assist you in retrieving it. To retrieve your password, please follow these steps: 1. Visit our website and navigate to the ""{{Login Page URL}}"". 2. Look for the ""{{Forgot Password}}"" or ""{{Forgot Username}}"" option and click on it. 3. You will be prompted to provide some additional information, such as your email address or username. Please enter the correct information. 4. Once you've provided the necessary information, you will receive an email with instructions on how to reset your password. 5. Follow the instructions in the email to reset your password. If you encounter any difficulties or have further questions, please don't hesitate to reach out to our customer support team. We're here to help you every step of the way.",unnecessary_escalation,,,,,,,,
59,7,risk:unnecessary_escalation,20832,dev_252,0fb7aed97bae2d398f3a0e1c1381a46464f4d25bd6f35208721e68e22c033fc9,assistance to reset the pin of my account,recover_password,False,recover_password,False,"I'm on it! I'm here to assist you in resetting the pin of your account. To reset your pin, please follow these steps: 1. Go to the ""{{Login Page URL}}"" on our website. 2. Look for the ""{{Forgot Password}}"" or ""{{Forgot PIN}}"" option and click on it. 3. You will be prompted to enter the email address or phone number associated with your account. Please provide the correct information. 4. Once you've entered the correct information, you will receive an email or SMS with instructions on how to reset your pin. 5. Follow the instructions in the email or SMS to reset your pin. If you encounter any difficulties or have any further questions, please don't hesitate to reach out to our customer support team. We're here to help you every step of the way.",unnecessary_escalation,,,,,,,,
60,7,risk:unnecessary_escalation,21345,dev_145,334d82e16b7146ebd922b00b5d475934bc764da5ed36ab31e7f1bae57975a788,i do not know what to do to notify of a sign-up issue,registration_problems,False,registration_problems,False,"We understand that you're unsure about how to notify us about a sign-up issue. Don't worry, we're here to help you. To notify us about a sign-up issue, you can reach out to our customer support team either through our website or by calling our helpline. Our dedicated team will be more than happy to assist you in resolving the issue and provide you with the necessary guidance. Please let us know if there's anything else we can do to assist you further.",unnecessary_escalation,,,,,,,,
61,7,risk:unnecessary_escalation,21461,dev_076,1655fe7f46db587a0e66bcf5517e74ac0e72ddb5094cd2344a76fddace499a73,where can i report registration errors,registration_problems,False,registration_problems,False,"We appreciate your message and your desire to report any registration errors you may have encountered. To report registration errors, you can reach out to our customer support team either through our website or by calling our dedicated helpline. They will be able to assist you in resolving the issue and provide you with the necessary guidance. We value your feedback and are committed to ensuring a seamless registration experience for all our users.",unnecessary_escalation,,,,,,,,
62,7,risk:unnecessary_escalation,21623,dev_256,b54e425e7e6d2782e05099653904161c18c67802df5eca9872a961094cab711e,i dont know how i can inform of sign-up problems,registration_problems,False,registration_problems,False,"We understand that you're unsure about how to inform us about sign-up problems. Don't worry, we're here to help you. To report any sign-up issues, you can reach out to our customer support team either through our website or by calling our helpline. Our dedicated team will assist you in resolving the problem and ensure that your sign-up experience is smooth and hassle-free. We appreciate your patience and cooperation in this matter.",unnecessary_escalation,,,,,,,,
63,7,risk:unnecessary_escalation,21650,dev_103,00dd4ac169211a3dae0d0fdd18a870b3a541f38ec01071833fbad9a698ef68d0,I need help to  report problems with registrations,registration_problems,False,registration_problems,False,"We appreciate your message to us for reporting problems with your registrations. Your feedback is crucial in helping us improve our services and ensure a seamless experience for all users. To report the problems, you can reach out to our customer support team either through our website or by calling our dedicated helpline. They will guide you through the process and assist you in resolving the issues promptly. We value your input and look forward to addressing your concerns.",unnecessary_escalation,,,,,,,,
64,7,risk:unnecessary_escalation,21843,dev_011,00dd4ac169211a3dae0d0fdd18a870b3a541f38ec01071833fbad9a698ef68d0,i need help to report problems with registrations,registration_problems,False,registration_problems,False,"We appreciate your proactive approach in reporting the problems you encountered during the registration process. Your feedback is crucial in helping us identify and address any issues that may have occurred. To report the problems, you can reach out to our customer support team either through our website's live chat or by calling our dedicated helpline. They will guide you through the necessary steps to report the problems and ensure that they are properly documented and addressed. We value your cooperation in helping us improve our services and provide a seamless registration experience for all our users.",unnecessary_escalation,,,,,,,,
65,7,risk:unnecessary_escalation,22170,dev_005,386c3dae7f873746b275b998a57cbb66502606ee858f4d1de5d21c4d51bf7b81,how to send some feedback for a service?,review,False,review,False,"We appreciate your interest in providing feedback for our service. Your feedback is valuable to us as it helps us improve our services and ensure that we meet your expectations. To send feedback, you can reach out to our customer support team either through our website or by calling our helpline. They will guide you through the process and ensure that your feedback reaches the right people. We value your input and look forward to hearing your thoughts.",unnecessary_escalation,,,,,,,,
66,7,risk:unnecessary_escalation,22308,dev_001,d687f251ca60ea988ef7768ab8df6691346db6bc7c78904259bded9db0202193,i need help to leave some feedback about ur services,review,False,review,False,"Thank you for reaching out! I'm here to assist you in leaving feedback about our services. Your opinion is valuable to us, and we appreciate your willingness to share your experience. To provide feedback, you can visit our website and navigate to the ""Contact Us"" page. There, you will find a form where you can submit your feedback. Alternatively, you can also reach out to our customer support team through our helpline or email at {{Customer Support Email}}. Our team will be more than happy to assist you further and ensure that your feedback reaches us in the most effective way possible. Your feedback is essential to us, and we look forward to hearing your thoughts!",unnecessary_escalation,,,,,,,,
67,7,risk:unnecessary_escalation,22858,dev_124,65604948d208e74caf3d302575c99390897aed48bc6ca7e049d6feddeb42012f,how to send my feedback about ur company,review,False,review,False,"We appreciate your interest in sharing your feedback about our company. Your input is invaluable to us as it helps us improve our services and provide a better experience for our customers. To send your feedback, you can reach out to our customer support team either through our website or by calling our helpline. They will guide you through the process and ensure that your feedback reaches the right people. We value your insights and look forward to hearing from you.",unnecessary_escalation,,,,,,,,
68,7,risk:unnecessary_escalation,24171,dev_020,80fb1d4c52f3d0596d43b9d624ba53fd38bf80612a2557e72e1acb005ce45d4a,what do i need to do to change to the gold account,switch_account,False,switch_account,False,"I'm happy to help! To change to the {{Account Category}} account, you can follow these steps: 1. Sign in to your account on our website or app. 2. Navigate to the '{{Settings}}' or '{{Profile}}' section. 3. Look for the '{{Upgrade Account}}' or '{{Upgrade}}' option. 4. Select the '{{Upgrade Account}}' option. 5. Choose the '{{Account Category}}' account type from the available options. 6. Follow the on-screen instructions to complete the upgrade process. If you encounter any difficulties or have further questions, please don't hesitate to reach out to our customer support team. They are available {{Customer Support Hours}} at {{Customer Support Phone Number}} or through the Live Chat on our website at {{Website URL}}. We're here to assist you every step of the way!",unnecessary_escalation,,,,,,,,
