flags,count,percentage,intent,intent_count,percentage_within_flag
BL,5212,19.395653,check_refund_policy,338,6.485035
BL,5212,19.395653,contact_customer_service,291,5.583269
BL,5212,19.395653,complaint,284,5.448964
BL,5212,19.395653,newsletter_subscription,283,5.429777
BL,5212,19.395653,set_up_shipping_address,274,5.257099
BL,5212,19.395653,change_shipping_address,272,5.218726
BL,5212,19.395653,check_payment_methods,268,5.14198
BL,5212,19.395653,contact_human_agent,266,5.103607
BL,5212,19.395653,delivery_period,260,4.988488
BL,5212,19.395653,recover_password,245,4.700691
BL,5212,19.395653,delete_account,224,4.297774
BL,5212,19.395653,track_refund,204,3.914045
BL,5212,19.395653,cancel_order,202,3.875672
BL,5212,19.395653,change_order,197,3.779739
BL,5212,19.395653,switch_account,184,3.530315
BL,5212,19.395653,track_order,180,3.453569
BL,5212,19.395653,review,167,3.204144
BL,5212,19.395653,check_invoice,157,3.012279
BL,5212,19.395653,get_invoice,148,2.839601
BL,5212,19.395653,create_account,135,2.590177
BL,5212,19.395653,check_cancellation_fee,122,2.340752
BL,5212,19.395653,get_refund,120,2.302379
BL,5212,19.395653,registration_problems,109,2.091328
BL,5212,19.395653,payment_issue,80,1.534919
BL,5212,19.395653,edit_account,76,1.458173
BL,5212,19.395653,delivery_options,66,1.266309
BL,5212,19.395653,place_order,60,1.15119
BLQ,2467,9.18056,check_refund_policy,167,6.769355
BLQ,2467,9.18056,review,158,6.40454
BLQ,2467,9.18056,recover_password,149,6.039724
BLQ,2467,9.18056,complaint,148,5.999189
BLQ,2467,9.18056,check_payment_methods,140,5.674909
BLQ,2467,9.18056,contact_human_agent,132,5.350628
BLQ,2467,9.18056,track_refund,129,5.229023
BLQ,2467,9.18056,newsletter_subscription,122,4.945278
BLQ,2467,9.18056,delivery_period,116,4.702067
BLQ,2467,9.18056,contact_customer_service,111,4.499392
BLQ,2467,9.18056,track_order,102,4.134576
BLQ,2467,9.18056,change_shipping_address,96,3.891366
BLQ,2467,9.18056,delete_account,96,3.891366
BLQ,2467,9.18056,set_up_shipping_address,89,3.607621
BLQ,2467,9.18056,check_invoice,82,3.323875
BLQ,2467,9.18056,create_account,75,3.04013
BLQ,2467,9.18056,get_refund,73,2.95906
BLQ,2467,9.18056,get_invoice,71,2.877989
BLQ,2467,9.18056,cancel_order,70,2.837454
BLQ,2467,9.18056,change_order,63,2.553709
BLQ,2467,9.18056,registration_problems,54,2.188893
BLQ,2467,9.18056,check_cancellation_fee,52,2.107823
BLQ,2467,9.18056,switch_account,49,1.986218
BLQ,2467,9.18056,payment_issue,40,1.621403
BLQ,2467,9.18056,edit_account,37,1.499797
BLQ,2467,9.18056,place_order,28,1.134982
BLQ,2467,9.18056,delivery_options,18,0.729631
BIL,2138,7.956237,delivery_period,148,6.922357
BIL,2138,7.956237,review,148,6.922357
BIL,2138,7.956237,contact_customer_service,146,6.828812
BIL,2138,7.956237,check_payment_methods,132,6.173994
BIL,2138,7.956237,complaint,127,5.940131
BIL,2138,7.956237,newsletter_subscription,124,5.799813
BIL,2138,7.956237,recover_password,104,4.864359
BIL,2138,7.956237,switch_account,102,4.770814
BIL,2138,7.956237,contact_human_agent,101,4.724041
BIL,2138,7.956237,track_order,91,4.256314
BIL,2138,7.956237,check_invoice,74,3.461179
BIL,2138,7.956237,change_shipping_address,73,3.414406
BIL,2138,7.956237,check_cancellation_fee,70,3.274088
BIL,2138,7.956237,get_refund,70,3.274088
BIL,2138,7.956237,track_refund,69,3.227315
BIL,2138,7.956237,check_refund_policy,67,3.13377
BIL,2138,7.956237,set_up_shipping_address,65,3.040225
BIL,2138,7.956237,create_account,64,2.993452
BIL,2138,7.956237,change_order,61,2.853134
BIL,2138,7.956237,registration_problems,56,2.61927
BIL,2138,7.956237,get_invoice,55,2.572498
BIL,2138,7.956237,cancel_order,53,2.478952
BIL,2138,7.956237,delete_account,50,2.338634
BIL,2138,7.956237,delivery_options,26,1.21609
BIL,2138,7.956237,payment_issue,26,1.21609
BIL,2138,7.956237,place_order,26,1.21609
BIL,2138,7.956237,edit_account,10,0.467727
BLM,1297,4.826585,place_order,192,14.803392
BLM,1297,4.826585,payment_issue,156,12.027756
BLM,1297,4.826585,delivery_options,139,10.717039
BLM,1297,4.826585,check_cancellation_fee,122,9.406322
BLM,1297,4.826585,registration_problems,107,8.249807
BLM,1297,4.826585,set_up_shipping_address,97,7.478797
BLM,1297,4.826585,change_shipping_address,81,6.245181
BLM,1297,4.826585,get_refund,76,5.859676
BLM,1297,4.826585,change_order,72,5.551272
BLM,1297,4.826585,delete_account,61,4.703161
BLM,1297,4.826585,check_invoice,49,3.777949
BLM,1297,4.826585,track_refund,47,3.623747
BLM,1297,4.826585,get_invoice,40,3.08404
BLM,1297,4.826585,create_account,21,1.619121
BLM,1297,4.826585,cancel_order,20,1.54202
BLM,1297,4.826585,recover_password,8,0.616808
BLM,1297,4.826585,edit_account,7,0.539707
BLM,1297,4.826585,delivery_period,2,0.154202
BILQ,1057,3.933462,review,96,9.082308
BILQ,1057,3.933462,contact_customer_service,72,6.811731
BILQ,1057,3.933462,recover_password,60,5.676443
BILQ,1057,3.933462,track_order,58,5.487228
BILQ,1057,3.933462,delivery_period,55,5.203406
BILQ,1057,3.933462,newsletter_subscription,55,5.203406
BILQ,1057,3.933462,check_payment_methods,54,5.108798
BILQ,1057,3.933462,complaint,48,4.541154
BILQ,1057,3.933462,contact_human_agent,47,4.446547
BILQ,1057,3.933462,switch_account,43,4.068117
BILQ,1057,3.933462,create_account,39,3.689688
BILQ,1057,3.933462,get_refund,39,3.689688
BILQ,1057,3.933462,change_order,37,3.500473
BILQ,1057,3.933462,delete_account,37,3.500473
BILQ,1057,3.933462,registration_problems,35,3.311258
BILQ,1057,3.933462,change_shipping_address,32,3.027436
BILQ,1057,3.933462,check_invoice,32,3.027436
BILQ,1057,3.933462,get_invoice,32,3.027436
BILQ,1057,3.933462,check_cancellation_fee,31,2.932829
BILQ,1057,3.933462,check_refund_policy,31,2.932829
BILQ,1057,3.933462,set_up_shipping_address,31,2.932829
BILQ,1057,3.933462,track_refund,25,2.365184
BILQ,1057,3.933462,cancel_order,21,1.986755
BILQ,1057,3.933462,payment_issue,17,1.608325
BILQ,1057,3.933462,delivery_options,11,1.040681
BILQ,1057,3.933462,place_order,11,1.040681
BILQ,1057,3.933462,edit_account,8,0.756859
BLQZ,970,3.609705,recover_password,72,7.42268
BLQZ,970,3.609705,complaint,68,7.010309
BLQZ,970,3.609705,track_refund,68,7.010309
BLQZ,970,3.609705,delivery_period,63,6.494845
BLQZ,970,3.609705,check_refund_policy,59,6.082474
BLQZ,970,3.609705,check_payment_methods,58,5.979381
BLQZ,970,3.609705,contact_customer_service,57,5.876289
BLQZ,970,3.609705,review,56,5.773196
BLQZ,970,3.609705,newsletter_subscription,52,5.360825
BLQZ,970,3.609705,change_shipping_address,48,4.948454
BLQZ,970,3.609705,contact_human_agent,46,4.742268
BLQZ,970,3.609705,set_up_shipping_address,44,4.536082
BLQZ,970,3.609705,check_invoice,36,3.71134
BLQZ,970,3.609705,track_order,34,3.505155
BLQZ,970,3.609705,delete_account,32,3.298969
BLQZ,970,3.609705,get_invoice,32,3.298969
BLQZ,970,3.609705,check_cancellation_fee,21,2.164948
BLQZ,970,3.609705,registration_problems,20,2.061856
BLQZ,970,3.609705,cancel_order,18,1.85567
BLQZ,970,3.609705,change_order,18,1.85567
BLQZ,970,3.609705,create_account,17,1.752577
BLQZ,970,3.609705,get_refund,16,1.649485
BLQZ,970,3.609705,switch_account,16,1.649485
BLQZ,970,3.609705,payment_issue,13,1.340206
BLQZ,970,3.609705,place_order,6,0.618557
BLZ,902,3.356654,track_refund,69,7.649667
BLZ,902,3.356654,change_shipping_address,60,6.651885
BLZ,902,3.356654,check_refund_policy,59,6.54102
BLZ,902,3.356654,set_up_shipping_address,55,6.097561
BLZ,902,3.356654,contact_human_agent,51,5.654102
BLZ,902,3.356654,newsletter_subscription,46,5.099778
BLZ,902,3.356654,check_payment_methods,45,4.988914
BLZ,902,3.356654,complaint,44,4.878049
BLZ,902,3.356654,change_order,41,4.545455
BLZ,902,3.356654,delivery_period,39,4.323725
BLZ,902,3.356654,contact_customer_service,35,3.880266
BLZ,902,3.356654,review,35,3.880266
BLZ,902,3.356654,cancel_order,34,3.769401
BLZ,902,3.356654,delete_account,34,3.769401
BLZ,902,3.356654,recover_password,33,3.658537
BLZ,902,3.356654,check_invoice,28,3.104213
BLZ,902,3.356654,track_order,28,3.104213
BLZ,902,3.356654,check_cancellation_fee,27,2.993348
BLZ,902,3.356654,get_invoice,27,2.993348
BLZ,902,3.356654,create_account,26,2.882483
BLZ,902,3.356654,registration_problems,20,2.217295
BLZ,902,3.356654,get_refund,15,1.662971
BLZ,902,3.356654,payment_issue,15,1.662971
BLZ,902,3.356654,edit_account,14,1.552106
BLZ,902,3.356654,place_order,14,1.552106
BLZ,902,3.356654,switch_account,8,0.886918
BKL,862,3.2078,edit_account,254,29.466357
BKL,862,3.2078,create_account,168,19.489559
BKL,862,3.2078,delete_account,108,12.529002
BKL,862,3.2078,track_order,73,8.468677
BKL,862,3.2078,check_invoice,42,4.87239
BKL,862,3.2078,get_invoice,36,4.176334
BKL,862,3.2078,change_order,26,3.016241
BKL,862,3.2078,switch_account,24,2.784223
BKL,862,3.2078,registration_problems,21,2.436195
BKL,862,3.2078,complaint,14,1.62413
BKL,862,3.2078,cancel_order,13,1.508121
BKL,862,3.2078,change_shipping_address,13,1.508121
BKL,862,3.2078,check_payment_methods,13,1.508121
BKL,862,3.2078,payment_issue,9,1.044084
BKL,862,3.2078,review,9,1.044084
BKL,862,3.2078,check_cancellation_fee,8,0.928074
BKL,862,3.2078,track_refund,8,0.928074
BKL,862,3.2078,contact_human_agent,6,0.696056
BKL,862,3.2078,get_refund,6,0.696056
BKL,862,3.2078,place_order,4,0.464037
BKL,862,3.2078,newsletter_subscription,3,0.348028
BKL,862,3.2078,check_refund_policy,2,0.232019
BKL,862,3.2078,set_up_shipping_address,2,0.232019
BLMQ,600,2.232807,payment_issue,126,21.0
BLMQ,600,2.232807,place_order,102,17.0
BLMQ,600,2.232807,get_refund,62,10.333333
BLMQ,600,2.232807,registration_problems,59,9.833333
BLMQ,600,2.232807,delivery_options,42,7.0
BLMQ,600,2.232807,change_order,38,6.333333
BLMQ,600,2.232807,check_cancellation_fee,35,5.833333
BLMQ,600,2.232807,change_shipping_address,25,4.166667
BLMQ,600,2.232807,check_invoice,20,3.333333
BLMQ,600,2.232807,get_invoice,20,3.333333
BLMQ,600,2.232807,delete_account,13,2.166667
BLMQ,600,2.232807,track_refund,13,2.166667
BLMQ,600,2.232807,set_up_shipping_address,12,2.0
BLMQ,600,2.232807,create_account,11,1.833333
BLMQ,600,2.232807,edit_account,11,1.833333
BLMQ,600,2.232807,cancel_order,5,0.833333
BLMQ,600,2.232807,recover_password,5,0.833333
BLMQ,600,2.232807,delivery_period,1,0.166667
BEL,533,1.983477,get_invoice,49,9.193246
BEL,533,1.983477,delete_account,47,8.818011
BEL,533,1.983477,contact_human_agent,46,8.630394
BEL,533,1.983477,set_up_shipping_address,36,6.754221
BEL,533,1.983477,recover_password,32,6.003752
BEL,533,1.983477,review,29,5.440901
BEL,533,1.983477,check_invoice,28,5.253283
BEL,533,1.983477,registration_problems,25,4.690432
BEL,533,1.983477,change_shipping_address,23,4.315197
BEL,533,1.983477,newsletter_subscription,23,4.315197
BEL,533,1.983477,check_cancellation_fee,20,3.752345
BEL,533,1.983477,check_payment_methods,20,3.752345
BEL,533,1.983477,create_account,18,3.377111
BEL,533,1.983477,switch_account,18,3.377111
BEL,533,1.983477,get_refund,17,3.189493
BEL,533,1.983477,complaint,16,3.001876
BEL,533,1.983477,track_refund,14,2.626642
BEL,533,1.983477,cancel_order,12,2.251407
BEL,533,1.983477,contact_customer_service,12,2.251407
BEL,533,1.983477,delivery_period,11,2.06379
BEL,533,1.983477,place_order,9,1.688555
BEL,533,1.983477,track_order,8,1.500938
BEL,533,1.983477,check_refund_policy,7,1.313321
BEL,533,1.983477,payment_issue,6,1.125704
BEL,533,1.983477,delivery_options,5,0.938086
BEL,533,1.983477,change_order,1,0.187617
BEL,533,1.983477,edit_account,1,0.187617
BILM,521,1.938821,place_order,104,19.961612
BILM,521,1.938821,delivery_options,79,15.163148
BILM,521,1.938821,payment_issue,75,14.395393
BILM,521,1.938821,check_cancellation_fee,68,13.051823
BILM,521,1.938821,registration_problems,50,9.596929
BILM,521,1.938821,get_refund,46,8.829175
BILM,521,1.938821,get_invoice,23,4.414587
BILM,521,1.938821,track_refund,21,4.03071
BILM,521,1.938821,change_order,20,3.838772
BILM,521,1.938821,check_invoice,16,3.071017
BILM,521,1.938821,delete_account,8,1.535509
BILM,521,1.938821,edit_account,5,0.959693
BILM,521,1.938821,create_account,3,0.575816
BILM,521,1.938821,delivery_period,2,0.383877
BILM,521,1.938821,contact_customer_service,1,0.191939
BCL,484,1.801131,delivery_period,36,7.438017
BCL,484,1.801131,newsletter_subscription,34,7.024793
BCL,484,1.801131,complaint,33,6.818182
BCL,484,1.801131,track_refund,32,6.61157
BCL,484,1.801131,check_payment_methods,29,5.991736
BCL,484,1.801131,recover_password,28,5.785124
BCL,484,1.801131,review,28,5.785124
BCL,484,1.801131,check_refund_policy,25,5.165289
BCL,484,1.801131,change_order,24,4.958678
BCL,484,1.801131,change_shipping_address,22,4.545455
BCL,484,1.801131,set_up_shipping_address,22,4.545455
BCL,484,1.801131,check_invoice,19,3.92562
BCL,484,1.801131,track_order,17,3.512397
BCL,484,1.801131,contact_human_agent,16,3.305785
BCL,484,1.801131,switch_account,16,3.305785
BCL,484,1.801131,create_account,15,3.099174
BCL,484,1.801131,delete_account,13,2.68595
BCL,484,1.801131,get_invoice,13,2.68595
BCL,484,1.801131,contact_customer_service,12,2.479339
BCL,484,1.801131,cancel_order,11,2.272727
BCL,484,1.801131,check_cancellation_fee,11,2.272727
BCL,484,1.801131,delivery_options,11,2.272727
BCL,484,1.801131,payment_issue,7,1.446281
BCL,484,1.801131,place_order,5,1.033058
BCL,484,1.801131,edit_account,4,0.826446
BCL,484,1.801131,registration_problems,1,0.206612
BCIL,427,1.589015,contact_customer_service,37,8.665105
BCIL,427,1.589015,set_up_shipping_address,34,7.962529
BCIL,427,1.589015,change_shipping_address,32,7.494145
BCIL,427,1.589015,check_payment_methods,30,7.025761
BCIL,427,1.589015,review,27,6.323185
BCIL,427,1.589015,newsletter_subscription,26,6.088993
BCIL,427,1.589015,delivery_options,21,4.918033
BCIL,427,1.589015,delivery_period,21,4.918033
BCIL,427,1.589015,switch_account,20,4.683841
BCIL,427,1.589015,change_order,19,4.449649
BCIL,427,1.589015,check_cancellation_fee,18,4.215457
BCIL,427,1.589015,check_refund_policy,18,4.215457
BCIL,427,1.589015,complaint,18,4.215457
BCIL,427,1.589015,track_refund,18,4.215457
BCIL,427,1.589015,get_invoice,15,3.512881
BCIL,427,1.589015,recover_password,11,2.576112
BCIL,427,1.589015,check_invoice,10,2.34192
BCIL,427,1.589015,contact_human_agent,10,2.34192
BCIL,427,1.589015,track_order,10,2.34192
BCIL,427,1.589015,create_account,8,1.873536
BCIL,427,1.589015,place_order,6,1.405152
BCIL,427,1.589015,delete_account,4,0.936768
BCIL,427,1.589015,payment_issue,4,0.936768
BCIL,427,1.589015,registration_problems,4,0.936768
BCIL,427,1.589015,edit_account,3,0.702576
BCIL,427,1.589015,cancel_order,2,0.468384
BCIL,427,1.589015,get_refund,1,0.234192
BILQZ,412,1.533194,review,39,9.466019
BILQZ,412,1.533194,recover_password,34,8.252427
BILQZ,412,1.533194,check_payment_methods,30,7.281553
BILQZ,412,1.533194,complaint,29,7.038835
BILQZ,412,1.533194,contact_customer_service,28,6.796117
BILQZ,412,1.533194,newsletter_subscription,28,6.796117
BILQZ,412,1.533194,delivery_period,25,6.067961
BILQZ,412,1.533194,get_refund,21,5.097087
BILQZ,412,1.533194,contact_human_agent,20,4.854369
BILQZ,412,1.533194,track_order,20,4.854369
BILQZ,412,1.533194,set_up_shipping_address,17,4.126214
BILQZ,412,1.533194,check_invoice,15,3.640777
BILQZ,412,1.533194,check_refund_policy,13,3.15534
BILQZ,412,1.533194,registration_problems,13,3.15534
BILQZ,412,1.533194,change_order,11,2.669903
BILQZ,412,1.533194,change_shipping_address,11,2.669903
BILQZ,412,1.533194,check_cancellation_fee,11,2.669903
BILQZ,412,1.533194,place_order,9,2.184466
BILQZ,412,1.533194,delete_account,8,1.941748
BILQZ,412,1.533194,create_account,7,1.699029
BILQZ,412,1.533194,get_invoice,7,1.699029
BILQZ,412,1.533194,switch_account,7,1.699029
BILQZ,412,1.533194,payment_issue,4,0.970874
BILQZ,412,1.533194,cancel_order,3,0.728155
BILQZ,412,1.533194,delivery_options,1,0.242718
BILQZ,412,1.533194,track_refund,1,0.242718
BILP,363,1.350848,delivery_period,30,8.264463
BILP,363,1.350848,cancel_order,22,6.060606
BILP,363,1.350848,check_payment_methods,22,6.060606
BILP,363,1.350848,contact_human_agent,22,6.060606
BILP,363,1.350848,check_refund_policy,20,5.509642
BILP,363,1.350848,review,20,5.509642
BILP,363,1.350848,set_up_shipping_address,20,5.509642
BILP,363,1.350848,recover_password,19,5.23416
BILP,363,1.350848,create_account,18,4.958678
BILP,363,1.350848,contact_customer_service,17,4.683196
BILP,363,1.350848,newsletter_subscription,17,4.683196
BILP,363,1.350848,switch_account,16,4.407713
BILP,363,1.350848,track_refund,15,4.132231
BILP,363,1.350848,change_shipping_address,14,3.856749
BILP,363,1.350848,complaint,14,3.856749
BILP,363,1.350848,delete_account,11,3.030303
BILP,363,1.350848,change_order,9,2.479339
BILP,363,1.350848,check_cancellation_fee,9,2.479339
BILP,363,1.350848,registration_problems,9,2.479339
BILP,363,1.350848,track_order,8,2.203857
BILP,363,1.350848,get_refund,7,1.928375
BILP,363,1.350848,check_invoice,6,1.652893
BILP,363,1.350848,delivery_options,6,1.652893
BILP,363,1.350848,payment_issue,6,1.652893
BILP,363,1.350848,place_order,4,1.101928
BILP,363,1.350848,get_invoice,2,0.550964
B,353,1.313635,cancel_order,67,18.98017
B,353,1.313635,switch_account,61,17.280453
B,353,1.313635,create_account,29,8.215297
B,353,1.313635,track_refund,27,7.648725
B,353,1.313635,check_invoice,24,6.798867
B,353,1.313635,check_refund_policy,17,4.815864
B,353,1.313635,get_invoice,17,4.815864
B,353,1.313635,track_order,16,4.532578
B,353,1.313635,change_order,15,4.249292
B,353,1.313635,contact_human_agent,11,3.116147
B,353,1.313635,delivery_period,11,3.116147
B,353,1.313635,review,10,2.832861
B,353,1.313635,contact_customer_service,8,2.266289
B,353,1.313635,newsletter_subscription,8,2.266289
B,353,1.313635,registration_problems,5,1.416431
B,353,1.313635,check_payment_methods,4,1.133144
B,353,1.313635,complaint,4,1.133144
B,353,1.313635,place_order,4,1.133144
B,353,1.313635,set_up_shipping_address,4,1.133144
B,353,1.313635,change_shipping_address,3,0.849858
B,353,1.313635,get_refund,3,0.849858
B,353,1.313635,check_cancellation_fee,1,0.283286
B,353,1.313635,delivery_options,1,0.283286
B,353,1.313635,edit_account,1,0.283286
B,353,1.313635,payment_issue,1,0.283286
B,353,1.313635,recover_password,1,0.283286
BK,352,1.309914,track_order,63,17.897727
BK,352,1.309914,switch_account,58,16.477273
BK,352,1.309914,change_order,31,8.806818
BK,352,1.309914,create_account,29,8.238636
BK,352,1.309914,check_invoice,26,7.386364
BK,352,1.309914,get_invoice,26,7.386364
BK,352,1.309914,cancel_order,20,5.681818
BK,352,1.309914,registration_problems,15,4.261364
BK,352,1.309914,review,15,4.261364
BK,352,1.309914,payment_issue,9,2.556818
BK,352,1.309914,track_refund,8,2.272727
BK,352,1.309914,set_up_shipping_address,7,1.988636
BK,352,1.309914,edit_account,6,1.704545
BK,352,1.309914,get_refund,6,1.704545
BK,352,1.309914,place_order,6,1.704545
BK,352,1.309914,newsletter_subscription,5,1.420455
BK,352,1.309914,delete_account,4,1.136364
BK,352,1.309914,check_payment_methods,3,0.852273
BK,352,1.309914,contact_human_agent,3,0.852273
BK,352,1.309914,change_shipping_address,2,0.568182
BK,352,1.309914,check_refund_policy,2,0.568182
BK,352,1.309914,complaint,2,0.568182
BK,352,1.309914,delivery_options,2,0.568182
BK,352,1.309914,check_cancellation_fee,1,0.284091
BK,352,1.309914,contact_customer_service,1,0.284091
BK,352,1.309914,delivery_period,1,0.284091
BK,352,1.309914,recover_password,1,0.284091
BQ,340,1.265258,cancel_order,79,23.235294
BQ,340,1.265258,switch_account,49,14.411765
BQ,340,1.265258,get_invoice,27,7.941176
BQ,340,1.265258,create_account,25,7.352941
BQ,340,1.265258,track_order,25,7.352941
BQ,340,1.265258,track_refund,22,6.470588
BQ,340,1.265258,check_refund_policy,19,5.588235
BQ,340,1.265258,check_invoice,13,3.823529
BQ,340,1.265258,set_up_shipping_address,10,2.941176
BQ,340,1.265258,change_order,9,2.647059
BQ,340,1.265258,delivery_period,8,2.352941
BQ,340,1.265258,newsletter_subscription,8,2.352941
BQ,340,1.265258,contact_human_agent,7,2.058824
BQ,340,1.265258,contact_customer_service,6,1.764706
BQ,340,1.265258,change_shipping_address,5,1.470588
BQ,340,1.265258,complaint,5,1.470588
BQ,340,1.265258,check_payment_methods,4,1.176471
BQ,340,1.265258,payment_issue,4,1.176471
BQ,340,1.265258,check_cancellation_fee,3,0.882353
BQ,340,1.265258,get_refund,3,0.882353
BQ,340,1.265258,place_order,3,0.882353
BQ,340,1.265258,edit_account,2,0.588235
BQ,340,1.265258,registration_problems,2,0.588235
BQ,340,1.265258,recover_password,1,0.294118
BQ,340,1.265258,review,1,0.294118
BKLZ,322,1.198273,edit_account,117,36.335404
BKLZ,322,1.198273,create_account,62,19.254658
BKLZ,322,1.198273,delete_account,50,15.52795
BKLZ,322,1.198273,switch_account,19,5.900621
BKLZ,322,1.198273,get_invoice,15,4.658385
BKLZ,322,1.198273,change_order,14,4.347826
BKLZ,322,1.198273,track_order,12,3.726708
BKLZ,322,1.198273,check_invoice,11,3.416149
BKLZ,322,1.198273,cancel_order,6,1.863354
BKLZ,322,1.198273,set_up_shipping_address,5,1.552795
BKLZ,322,1.198273,check_payment_methods,2,0.621118
BKLZ,322,1.198273,complaint,2,0.621118
BKLZ,322,1.198273,payment_issue,2,0.621118
BKLZ,322,1.198273,registration_problems,2,0.621118
BKLZ,322,1.198273,change_shipping_address,1,0.310559
BKLZ,322,1.198273,check_cancellation_fee,1,0.310559
BKLZ,322,1.198273,place_order,1,0.310559
BLW,309,1.149896,review,23,7.443366
BLW,309,1.149896,check_refund_policy,21,6.796117
BLW,309,1.149896,delivery_period,20,6.472492
BLW,309,1.149896,set_up_shipping_address,19,6.148867
BLW,309,1.149896,track_refund,19,6.148867
BLW,309,1.149896,contact_customer_service,18,5.825243
BLW,309,1.149896,contact_human_agent,17,5.501618
BLW,309,1.149896,newsletter_subscription,15,4.854369
BLW,309,1.149896,recover_password,15,4.854369
BLW,309,1.149896,change_shipping_address,14,4.530744
BLW,309,1.149896,check_payment_methods,14,4.530744
BLW,309,1.149896,track_order,14,4.530744
BLW,309,1.149896,check_cancellation_fee,12,3.883495
BLW,309,1.149896,change_order,10,3.236246
BLW,309,1.149896,switch_account,10,3.236246
BLW,309,1.149896,check_invoice,9,2.912621
BLW,309,1.149896,get_invoice,9,2.912621
BLW,309,1.149896,complaint,7,2.265372
BLW,309,1.149896,create_account,7,2.265372
BLW,309,1.149896,delete_account,7,2.265372
BLW,309,1.149896,payment_issue,7,2.265372
BLW,309,1.149896,edit_account,5,1.618123
BLW,309,1.149896,get_refund,5,1.618123
BLW,309,1.149896,delivery_options,4,1.294498
BLW,309,1.149896,place_order,4,1.294498
BLW,309,1.149896,cancel_order,2,0.647249
BLW,309,1.149896,registration_problems,2,0.647249
BILZ,279,1.038255,contact_customer_service,33,11.827957
BILZ,279,1.038255,contact_human_agent,27,9.677419
BILZ,279,1.038255,review,25,8.960573
BILZ,279,1.038255,check_payment_methods,22,7.885305
BILZ,279,1.038255,complaint,21,7.526882
BILZ,279,1.038255,delivery_period,20,7.168459
BILZ,279,1.038255,newsletter_subscription,16,5.734767
BILZ,279,1.038255,recover_password,13,4.659498
BILZ,279,1.038255,check_cancellation_fee,11,3.942652
BILZ,279,1.038255,set_up_shipping_address,11,3.942652
BILZ,279,1.038255,change_order,10,3.584229
BILZ,279,1.038255,registration_problems,10,3.584229
BILZ,279,1.038255,delete_account,9,3.225806
BILZ,279,1.038255,get_refund,9,3.225806
BILZ,279,1.038255,change_shipping_address,7,2.508961
BILZ,279,1.038255,cancel_order,6,2.150538
BILZ,279,1.038255,check_invoice,5,1.792115
BILZ,279,1.038255,get_invoice,5,1.792115
BILZ,279,1.038255,switch_account,5,1.792115
BILZ,279,1.038255,check_refund_policy,4,1.433692
BILZ,279,1.038255,create_account,4,1.433692
BILZ,279,1.038255,payment_issue,2,0.716846
BILZ,279,1.038255,track_order,2,0.716846
BILZ,279,1.038255,place_order,1,0.358423
BILZ,279,1.038255,track_refund,1,0.358423
BKLM,244,0.908008,edit_account,120,49.180328
BKLM,244,0.908008,get_refund,37,15.163934
BKLM,244,0.908008,get_invoice,23,9.42623
BKLM,244,0.908008,check_invoice,21,8.606557
BKLM,244,0.908008,payment_issue,17,6.967213
BKLM,244,0.908008,registration_problems,13,5.327869
BKLM,244,0.908008,change_shipping_address,7,2.868852
BKLM,244,0.908008,check_cancellation_fee,6,2.459016
BELQ,242,0.900566,contact_human_agent,28,11.570248
BELQ,242,0.900566,get_invoice,24,9.917355
BELQ,242,0.900566,check_invoice,17,7.024793
BELQ,242,0.900566,delete_account,17,7.024793
BELQ,242,0.900566,recover_password,15,6.198347
BELQ,242,0.900566,set_up_shipping_address,14,5.785124
BELQ,242,0.900566,review,13,5.371901
BELQ,242,0.900566,registration_problems,12,4.958678
BELQ,242,0.900566,get_refund,11,4.545455
BELQ,242,0.900566,newsletter_subscription,11,4.545455
BELQ,242,0.900566,check_cancellation_fee,9,3.719008
BELQ,242,0.900566,create_account,9,3.719008
BELQ,242,0.900566,change_shipping_address,8,3.305785
BELQ,242,0.900566,complaint,7,2.892562
BELQ,242,0.900566,edit_account,7,2.892562
BELQ,242,0.900566,track_refund,7,2.892562
BELQ,242,0.900566,check_payment_methods,5,2.066116
BELQ,242,0.900566,delivery_period,4,1.652893
BELQ,242,0.900566,switch_account,4,1.652893
BELQ,242,0.900566,cancel_order,3,1.239669
BELQ,242,0.900566,contact_customer_service,3,1.239669
BELQ,242,0.900566,delivery_options,3,1.239669
BELQ,242,0.900566,payment_issue,3,1.239669
BELQ,242,0.900566,place_order,3,1.239669
BELQ,242,0.900566,check_refund_policy,2,0.826446
BELQ,242,0.900566,track_order,2,0.826446
BELQ,242,0.900566,change_order,1,0.413223
BILMQ,230,0.855909,payment_issue,38,16.521739
BILMQ,230,0.855909,place_order,38,16.521739
BILMQ,230,0.855909,get_refund,31,13.478261
BILMQ,230,0.855909,check_cancellation_fee,30,13.043478
BILMQ,230,0.855909,registration_problems,23,10.0
BILMQ,230,0.855909,change_order,17,7.391304
BILMQ,230,0.855909,track_refund,13,5.652174
BILMQ,230,0.855909,get_invoice,11,4.782609
BILMQ,230,0.855909,check_invoice,9,3.913043
BILMQ,230,0.855909,delivery_options,9,3.913043
BILMQ,230,0.855909,edit_account,6,2.608696
BILMQ,230,0.855909,create_account,4,1.73913
BILMQ,230,0.855909,delete_account,1,0.434783
BLMQZ,198,0.736826,place_order,44,22.222222
BLMQZ,198,0.736826,payment_issue,40,20.20202
BLMQZ,198,0.736826,registration_problems,29,14.646465
BLMQZ,198,0.736826,check_cancellation_fee,17,8.585859
BLMQZ,198,0.736826,get_refund,15,7.575758
BLMQZ,198,0.736826,change_order,12,6.060606
BLMQZ,198,0.736826,change_shipping_address,10,5.050505
BLMQZ,198,0.736826,get_invoice,9,4.545455
BLMQZ,198,0.736826,check_invoice,6,3.030303
BLMQZ,198,0.736826,set_up_shipping_address,6,3.030303
BLMQZ,198,0.736826,cancel_order,3,1.515152
BLMQZ,198,0.736826,create_account,3,1.515152
BLMQZ,198,0.736826,recover_password,2,1.010101
BLMQZ,198,0.736826,delete_account,1,0.505051
BLMQZ,198,0.736826,track_refund,1,0.505051
BLMZ,192,0.714498,place_order,37,19.270833
BLMZ,192,0.714498,payment_issue,34,17.708333
BLMZ,192,0.714498,check_cancellation_fee,23,11.979167
BLMZ,192,0.714498,registration_problems,23,11.979167
BLMZ,192,0.714498,change_shipping_address,17,8.854167
BLMZ,192,0.714498,get_refund,13,6.770833
BLMZ,192,0.714498,change_order,10,5.208333
BLMZ,192,0.714498,check_invoice,9,4.6875
BLMZ,192,0.714498,delete_account,9,4.6875
BLMZ,192,0.714498,set_up_shipping_address,6,3.125
BLMZ,192,0.714498,get_invoice,3,1.5625
BLMZ,192,0.714498,cancel_order,2,1.041667
BLMZ,192,0.714498,create_account,2,1.041667
BLMZ,192,0.714498,delivery_period,1,0.520833
BLMZ,192,0.714498,edit_account,1,0.520833
BLMZ,192,0.714498,recover_password,1,0.520833
BLMZ,192,0.714498,track_refund,1,0.520833
BI,160,0.595415,switch_account,39,24.375
BI,160,0.595415,cancel_order,19,11.875
BI,160,0.595415,track_order,17,10.625
BI,160,0.595415,check_invoice,12,7.5
BI,160,0.595415,create_account,12,7.5
BI,160,0.595415,contact_customer_service,8,5.0
BI,160,0.595415,change_order,7,4.375
BI,160,0.595415,delivery_period,7,4.375
BI,160,0.595415,get_invoice,7,4.375
BI,160,0.595415,set_up_shipping_address,7,4.375
BI,160,0.595415,check_refund_policy,6,3.75
BI,160,0.595415,place_order,4,2.5
BI,160,0.595415,change_shipping_address,3,1.875
BI,160,0.595415,payment_issue,3,1.875
BI,160,0.595415,contact_human_agent,2,1.25
BI,160,0.595415,review,2,1.25
BI,160,0.595415,check_payment_methods,1,0.625
BI,160,0.595415,delivery_options,1,0.625
BI,160,0.595415,edit_account,1,0.625
BI,160,0.595415,registration_problems,1,0.625
BI,160,0.595415,track_refund,1,0.625
BILW,147,0.547038,check_payment_methods,14,9.52381
BILW,147,0.547038,delivery_period,14,9.52381
BILW,147,0.547038,complaint,13,8.843537
BILW,147,0.547038,contact_human_agent,9,6.122449
BILW,147,0.547038,contact_customer_service,8,5.442177
BILW,147,0.547038,check_refund_policy,7,4.761905
BILW,147,0.547038,switch_account,7,4.761905
BILW,147,0.547038,create_account,6,4.081633
BILW,147,0.547038,newsletter_subscription,6,4.081633
BILW,147,0.547038,recover_password,6,4.081633
BILW,147,0.547038,change_shipping_address,5,3.401361
BILW,147,0.547038,check_cancellation_fee,5,3.401361
BILW,147,0.547038,set_up_shipping_address,5,3.401361
BILW,147,0.547038,delivery_options,4,2.721088
BILW,147,0.547038,get_invoice,4,2.721088
BILW,147,0.547038,place_order,4,2.721088
BILW,147,0.547038,track_order,4,2.721088
BILW,147,0.547038,track_refund,4,2.721088
BILW,147,0.547038,change_order,3,2.040816
BILW,147,0.547038,check_invoice,3,2.040816
BILW,147,0.547038,delete_account,3,2.040816
BILW,147,0.547038,get_refund,3,2.040816
BILW,147,0.547038,registration_problems,3,2.040816
BILW,147,0.547038,review,3,2.040816
BILW,147,0.547038,edit_account,2,1.360544
BILW,147,0.547038,cancel_order,1,0.680272
BILW,147,0.547038,payment_issue,1,0.680272
BIQ,146,0.543316,switch_account,35,23.972603
BIQ,146,0.543316,track_order,18,12.328767
BIQ,146,0.543316,check_invoice,13,8.90411
BIQ,146,0.543316,cancel_order,12,8.219178
BIQ,146,0.543316,delivery_period,10,6.849315
BIQ,146,0.543316,create_account,9,6.164384
BIQ,146,0.543316,change_order,6,4.109589
BIQ,146,0.543316,contact_customer_service,6,4.109589
BIQ,146,0.543316,get_invoice,6,4.109589
BIQ,146,0.543316,newsletter_subscription,5,3.424658
BIQ,146,0.543316,set_up_shipping_address,4,2.739726
BIQ,146,0.543316,check_refund_policy,3,2.054795
BIQ,146,0.543316,contact_human_agent,3,2.054795
BIQ,146,0.543316,get_refund,3,2.054795
BIQ,146,0.543316,check_payment_methods,2,1.369863
BIQ,146,0.543316,place_order,2,1.369863
BIQ,146,0.543316,registration_problems,2,1.369863
BIQ,146,0.543316,review,2,1.369863
BIQ,146,0.543316,track_refund,2,1.369863
BIQ,146,0.543316,change_shipping_address,1,0.684932
BIQ,146,0.543316,check_cancellation_fee,1,0.684932
BIQ,146,0.543316,delivery_options,1,0.684932
BQZ,143,0.532152,cancel_order,27,18.881119
BQZ,143,0.532152,switch_account,21,14.685315
BQZ,143,0.532152,track_refund,18,12.587413
BQZ,143,0.532152,check_refund_policy,9,6.293706
BQZ,143,0.532152,track_order,9,6.293706
BQZ,143,0.532152,create_account,8,5.594406
BQZ,143,0.532152,check_invoice,7,4.895105
BQZ,143,0.532152,get_invoice,7,4.895105
BQZ,143,0.532152,newsletter_subscription,7,4.895105
BQZ,143,0.532152,check_payment_methods,5,3.496503
BQZ,143,0.532152,change_order,4,2.797203
BQZ,143,0.532152,change_shipping_address,3,2.097902
BQZ,143,0.532152,delivery_period,3,2.097902
BQZ,143,0.532152,set_up_shipping_address,3,2.097902
BQZ,143,0.532152,contact_customer_service,2,1.398601
BQZ,143,0.532152,contact_human_agent,2,1.398601
BQZ,143,0.532152,payment_issue,2,1.398601
BQZ,143,0.532152,place_order,2,1.398601
BQZ,143,0.532152,review,2,1.398601
BQZ,143,0.532152,complaint,1,0.699301
BQZ,143,0.532152,registration_problems,1,0.699301
BCILP,142,0.528431,contact_customer_service,15,10.56338
BCILP,142,0.528431,change_order,11,7.746479
BCILP,142,0.528431,change_shipping_address,11,7.746479
BCILP,142,0.528431,get_invoice,11,7.746479
BCILP,142,0.528431,track_refund,11,7.746479
BCILP,142,0.528431,check_invoice,8,5.633803
BCILP,142,0.528431,check_payment_methods,6,4.225352
BCILP,142,0.528431,check_refund_policy,6,4.225352
BCILP,142,0.528431,contact_human_agent,6,4.225352
BCILP,142,0.528431,delivery_options,6,4.225352
BCILP,142,0.528431,newsletter_subscription,6,4.225352
BCILP,142,0.528431,place_order,5,3.521127
BCILP,142,0.528431,recover_password,5,3.521127
BCILP,142,0.528431,set_up_shipping_address,5,3.521127
BCILP,142,0.528431,track_order,5,3.521127
BCILP,142,0.528431,delete_account,4,2.816901
BCILP,142,0.528431,review,4,2.816901
BCILP,142,0.528431,check_cancellation_fee,3,2.112676
BCILP,142,0.528431,complaint,3,2.112676
BCILP,142,0.528431,edit_account,3,2.112676
BCILP,142,0.528431,payment_issue,3,2.112676
BCILP,142,0.528431,switch_account,3,2.112676
BCILP,142,0.528431,create_account,2,1.408451
BKLQ,132,0.491218,edit_account,120,90.909091
BKLQ,132,0.491218,track_order,5,3.787879
BKLQ,132,0.491218,check_refund_policy,2,1.515152
BKLQ,132,0.491218,complaint,2,1.515152
BKLQ,132,0.491218,newsletter_subscription,2,1.515152
BKLQ,132,0.491218,review,1,0.757576
BCILQ,125,0.465168,edit_account,20,16.0
BCILQ,125,0.465168,check_invoice,10,8.0
BCILQ,125,0.465168,track_order,10,8.0
BCILQ,125,0.465168,check_payment_methods,9,7.2
BCILQ,125,0.465168,get_invoice,9,7.2
BCILQ,125,0.465168,newsletter_subscription,9,7.2
BCILQ,125,0.465168,review,9,7.2
BCILQ,125,0.465168,delivery_period,6,4.8
BCILQ,125,0.465168,change_shipping_address,4,3.2
BCILQ,125,0.465168,contact_customer_service,4,3.2
BCILQ,125,0.465168,delivery_options,4,3.2
BCILQ,125,0.465168,switch_account,4,3.2
BCILQ,125,0.465168,check_refund_policy,3,2.4
BCILQ,125,0.465168,contact_human_agent,3,2.4
BCILQ,125,0.465168,place_order,3,2.4
BCILQ,125,0.465168,set_up_shipping_address,3,2.4
BCILQ,125,0.465168,track_refund,3,2.4
BCILQ,125,0.465168,change_order,2,1.6
BCILQ,125,0.465168,check_cancellation_fee,2,1.6
BCILQ,125,0.465168,complaint,2,1.6
BCILQ,125,0.465168,payment_issue,2,1.6
BCILQ,125,0.465168,recover_password,2,1.6
BCILQ,125,0.465168,cancel_order,1,0.8
BCILQ,125,0.465168,create_account,1,0.8
BELM,120,0.446561,place_order,33,27.5
BELM,120,0.446561,check_cancellation_fee,24,20.0
BELM,120,0.446561,registration_problems,19,15.833333
BELM,120,0.446561,payment_issue,12,10.0
BELM,120,0.446561,get_refund,11,9.166667
BELM,120,0.446561,delivery_options,7,5.833333
BELM,120,0.446561,get_invoice,6,5.0
BELM,120,0.446561,check_invoice,5,4.166667
BELM,120,0.446561,change_order,1,0.833333
BELM,120,0.446561,delete_account,1,0.833333
BELM,120,0.446561,track_refund,1,0.833333
BZ,120,0.446561,cancel_order,26,21.666667
BZ,120,0.446561,track_refund,17,14.166667
BZ,120,0.446561,switch_account,11,9.166667
BZ,120,0.446561,check_invoice,7,5.833333
BZ,120,0.446561,contact_human_agent,7,5.833333
BZ,120,0.446561,get_invoice,7,5.833333
BZ,120,0.446561,change_order,6,5.0
BZ,120,0.446561,create_account,6,5.0
BZ,120,0.446561,newsletter_subscription,5,4.166667
BZ,120,0.446561,check_refund_policy,4,3.333333
BZ,120,0.446561,delivery_period,4,3.333333
BZ,120,0.446561,place_order,4,3.333333
BZ,120,0.446561,track_order,4,3.333333
BZ,120,0.446561,contact_customer_service,2,1.666667
BZ,120,0.446561,get_refund,2,1.666667
BZ,120,0.446561,payment_issue,2,1.666667
BZ,120,0.446561,recover_password,2,1.666667
BZ,120,0.446561,review,2,1.666667
BZ,120,0.446561,check_cancellation_fee,1,0.833333
BZ,120,0.446561,complaint,1,0.833333
BCLM,109,0.405627,get_refund,28,25.688073
BCLM,109,0.405627,delivery_options,18,16.513761
BCLM,109,0.405627,payment_issue,17,15.59633
BCLM,109,0.405627,check_cancellation_fee,12,11.009174
BCLM,109,0.405627,place_order,10,9.174312
BCLM,109,0.405627,cancel_order,9,8.256881
BCLM,109,0.405627,check_invoice,5,4.587156
BCLM,109,0.405627,change_order,3,2.752294
BCLM,109,0.405627,registration_problems,3,2.752294
BCLM,109,0.405627,track_refund,2,1.834862
BCLM,109,0.405627,edit_account,1,0.917431
BCLM,109,0.405627,get_invoice,1,0.917431
BLMW,105,0.390741,delivery_options,15,14.285714
BLMW,105,0.390741,check_invoice,12,11.428571
BLMW,105,0.390741,place_order,12,11.428571
BLMW,105,0.390741,registration_problems,12,11.428571
BLMW,105,0.390741,payment_issue,11,10.47619
BLMW,105,0.390741,change_order,10,9.52381
BLMW,105,0.390741,change_shipping_address,7,6.666667
BLMW,105,0.390741,check_cancellation_fee,7,6.666667
BLMW,105,0.390741,set_up_shipping_address,6,5.714286
BLMW,105,0.390741,get_invoice,5,4.761905
BLMW,105,0.390741,get_refund,4,3.809524
BLMW,105,0.390741,track_refund,2,1.904762
BLMW,105,0.390741,delete_account,1,0.952381
BLMW,105,0.390741,edit_account,1,0.952381
BELQZ,104,0.38702,set_up_shipping_address,14,13.461538
BELQZ,104,0.38702,delete_account,13,12.5
BELQZ,104,0.38702,get_invoice,11,10.576923
BELQZ,104,0.38702,check_payment_methods,8,7.692308
BELQZ,104,0.38702,contact_human_agent,8,7.692308
BELQZ,104,0.38702,check_invoice,7,6.730769
BELQZ,104,0.38702,newsletter_subscription,7,6.730769
BELQZ,104,0.38702,recover_password,7,6.730769
BELQZ,104,0.38702,registration_problems,5,4.807692
BELQZ,104,0.38702,track_order,5,4.807692
BELQZ,104,0.38702,change_shipping_address,4,3.846154
BELQZ,104,0.38702,create_account,4,3.846154
BELQZ,104,0.38702,check_cancellation_fee,3,2.884615
BELQZ,104,0.38702,get_refund,3,2.884615
BELQZ,104,0.38702,delivery_period,2,1.923077
BELQZ,104,0.38702,cancel_order,1,0.961538
BELQZ,104,0.38702,complaint,1,0.961538
BELQZ,104,0.38702,payment_issue,1,0.961538
BKM,100,0.372135,check_invoice,26,26.0
BKM,100,0.372135,get_invoice,26,26.0
BKM,100,0.372135,get_refund,20,20.0
BKM,100,0.372135,payment_issue,14,14.0
BKM,100,0.372135,registration_problems,12,12.0
BKM,100,0.372135,change_shipping_address,1,1.0
BKM,100,0.372135,check_cancellation_fee,1,1.0
BELZ,91,0.338642,contact_human_agent,10,10.989011
BELZ,91,0.338642,delete_account,10,10.989011
BELZ,91,0.338642,newsletter_subscription,9,9.89011
BELZ,91,0.338642,set_up_shipping_address,9,9.89011
BELZ,91,0.338642,contact_customer_service,6,6.593407
BELZ,91,0.338642,change_shipping_address,5,5.494505
BELZ,91,0.338642,complaint,5,5.494505
BELZ,91,0.338642,delivery_period,5,5.494505
BELZ,91,0.338642,get_invoice,5,5.494505
BELZ,91,0.338642,registration_problems,5,5.494505
BELZ,91,0.338642,check_payment_methods,3,3.296703
BELZ,91,0.338642,recover_password,3,3.296703
BELZ,91,0.338642,review,3,3.296703
BELZ,91,0.338642,switch_account,3,3.296703
BELZ,91,0.338642,check_invoice,2,2.197802
BELZ,91,0.338642,check_refund_policy,2,2.197802
BELZ,91,0.338642,place_order,2,2.197802
BELZ,91,0.338642,check_cancellation_fee,1,1.098901
BELZ,91,0.338642,create_account,1,1.098901
BELZ,91,0.338642,get_refund,1,1.098901
BELZ,91,0.338642,track_order,1,1.098901
BLP,91,0.338642,complaint,8,8.791209
BLP,91,0.338642,delete_account,8,8.791209
BLP,91,0.338642,track_refund,7,7.692308
BLP,91,0.338642,check_invoice,6,6.593407
BLP,91,0.338642,recover_password,6,6.593407
BLP,91,0.338642,cancel_order,5,5.494505
BLP,91,0.338642,change_shipping_address,5,5.494505
BLP,91,0.338642,check_refund_policy,5,5.494505
BLP,91,0.338642,newsletter_subscription,5,5.494505
BLP,91,0.338642,get_refund,4,4.395604
BLP,91,0.338642,check_payment_methods,3,3.296703
BLP,91,0.338642,contact_human_agent,3,3.296703
BLP,91,0.338642,review,3,3.296703
BLP,91,0.338642,set_up_shipping_address,3,3.296703
BLP,91,0.338642,switch_account,3,3.296703
BLP,91,0.338642,change_order,2,2.197802
BLP,91,0.338642,create_account,2,2.197802
BLP,91,0.338642,delivery_options,2,2.197802
BLP,91,0.338642,delivery_period,2,2.197802
BLP,91,0.338642,registration_problems,2,2.197802
BLP,91,0.338642,track_order,2,2.197802
BLP,91,0.338642,check_cancellation_fee,1,1.098901
BLP,91,0.338642,contact_customer_service,1,1.098901
BLP,91,0.338642,edit_account,1,1.098901
BLP,91,0.338642,get_invoice,1,1.098901
BLP,91,0.338642,place_order,1,1.098901
BCLQZ,88,0.327478,complaint,10,11.363636
BCLQZ,88,0.327478,delete_account,10,11.363636
BCLQZ,88,0.327478,switch_account,9,10.227273
BCLQZ,88,0.327478,track_order,8,9.090909
BCLQZ,88,0.327478,change_order,5,5.681818
BCLQZ,88,0.327478,delivery_period,5,5.681818
BCLQZ,88,0.327478,review,5,5.681818
BCLQZ,88,0.327478,create_account,4,4.545455
BCLQZ,88,0.327478,newsletter_subscription,4,4.545455
BCLQZ,88,0.327478,payment_issue,4,4.545455
BCLQZ,88,0.327478,set_up_shipping_address,4,4.545455
BCLQZ,88,0.327478,check_invoice,3,3.409091
BCLQZ,88,0.327478,contact_human_agent,3,3.409091
BCLQZ,88,0.327478,track_refund,3,3.409091
BCLQZ,88,0.327478,change_shipping_address,2,2.272727
BCLQZ,88,0.327478,check_payment_methods,2,2.272727
BCLQZ,88,0.327478,check_refund_policy,2,2.272727
BCLQZ,88,0.327478,place_order,2,2.272727
BCLQZ,88,0.327478,cancel_order,1,1.136364
BCLQZ,88,0.327478,contact_customer_service,1,1.136364
BCLQZ,88,0.327478,recover_password,1,1.136364
BKLMZ,87,0.323757,edit_account,33,37.931034
BKLMZ,87,0.323757,get_refund,29,33.333333
BKLMZ,87,0.323757,get_invoice,11,12.643678
BKLMZ,87,0.323757,check_invoice,8,9.195402
BKLMZ,87,0.323757,registration_problems,3,3.448276
BKLMZ,87,0.323757,payment_issue,2,2.298851
BKLMZ,87,0.323757,check_cancellation_fee,1,1.149425
BILMQZ,82,0.30515,payment_issue,22,26.829268
BILMQZ,82,0.30515,check_cancellation_fee,14,17.073171
BILMQZ,82,0.30515,place_order,13,15.853659
BILMQZ,82,0.30515,registration_problems,9,10.97561
BILMQZ,82,0.30515,get_refund,8,9.756098
BILMQZ,82,0.30515,change_order,6,7.317073
BILMQZ,82,0.30515,get_invoice,5,6.097561
BILMQZ,82,0.30515,check_invoice,1,1.219512
BILMQZ,82,0.30515,contact_customer_service,1,1.219512
BILMQZ,82,0.30515,delete_account,1,1.219512
BILMQZ,82,0.30515,delivery_options,1,1.219512
BILMQZ,82,0.30515,recover_password,1,1.219512
BILMP,81,0.301429,delivery_options,14,17.283951
BILMP,81,0.301429,payment_issue,12,14.814815
BILMP,81,0.301429,check_cancellation_fee,10,12.345679
BILMP,81,0.301429,registration_problems,10,12.345679
BILMP,81,0.301429,get_refund,9,11.111111
BILMP,81,0.301429,place_order,8,9.876543
BILMP,81,0.301429,change_order,6,7.407407
BILMP,81,0.301429,track_refund,5,6.17284
BILMP,81,0.301429,check_invoice,2,2.469136
BILMP,81,0.301429,create_account,2,2.469136
BILMP,81,0.301429,delete_account,2,2.469136
BILMP,81,0.301429,get_invoice,1,1.234568
BCILQZ,80,0.297708,switch_account,8,10.0
BCILQZ,80,0.297708,track_order,8,10.0
BCILQZ,80,0.297708,check_refund_policy,7,8.75
BCILQZ,80,0.297708,track_refund,7,8.75
BCILQZ,80,0.297708,contact_customer_service,6,7.5
BCILQZ,80,0.297708,review,5,6.25
BCILQZ,80,0.297708,change_shipping_address,4,5.0
BCILQZ,80,0.297708,check_cancellation_fee,4,5.0
BCILQZ,80,0.297708,create_account,4,5.0
BCILQZ,80,0.297708,delivery_period,4,5.0
BCILQZ,80,0.297708,get_invoice,4,5.0
BCILQZ,80,0.297708,recover_password,4,5.0
BCILQZ,80,0.297708,set_up_shipping_address,4,5.0
BCILQZ,80,0.297708,check_invoice,3,3.75
BCILQZ,80,0.297708,check_payment_methods,2,2.5
BCILQZ,80,0.297708,change_order,1,1.25
BCILQZ,80,0.297708,complaint,1,1.25
BCILQZ,80,0.297708,contact_human_agent,1,1.25
BCILQZ,80,0.297708,delete_account,1,1.25
BCILQZ,80,0.297708,place_order,1,1.25
BCILQZ,80,0.297708,registration_problems,1,1.25
BLN,80,0.297708,cancel_order,42,52.5
BLN,80,0.297708,track_order,10,12.5
BLN,80,0.297708,recover_password,9,11.25
BLN,80,0.297708,change_order,8,10.0
BLN,80,0.297708,track_refund,6,7.5
BLN,80,0.297708,registration_problems,3,3.75
BLN,80,0.297708,check_invoice,1,1.25
BLN,80,0.297708,create_account,1,1.25
BCLQ,77,0.286544,edit_account,8,10.38961
BCLQ,77,0.286544,change_order,7,9.090909
BCLQ,77,0.286544,track_order,7,9.090909
BCLQ,77,0.286544,track_refund,7,9.090909
BCLQ,77,0.286544,create_account,5,6.493506
BCLQ,77,0.286544,switch_account,5,6.493506
BCLQ,77,0.286544,check_refund_policy,4,5.194805
BCLQ,77,0.286544,complaint,4,5.194805
BCLQ,77,0.286544,delivery_options,4,5.194805
BCLQ,77,0.286544,delivery_period,4,5.194805
BCLQ,77,0.286544,change_shipping_address,3,3.896104
BCLQ,77,0.286544,contact_customer_service,3,3.896104
BCLQ,77,0.286544,recover_password,3,3.896104
BCLQ,77,0.286544,review,3,3.896104
BCLQ,77,0.286544,get_invoice,2,2.597403
BCLQ,77,0.286544,payment_issue,2,2.597403
BCLQ,77,0.286544,set_up_shipping_address,2,2.597403
BCLQ,77,0.286544,check_cancellation_fee,1,1.298701
BCLQ,77,0.286544,check_payment_methods,1,1.298701
BCLQ,77,0.286544,delete_account,1,1.298701
BCLQ,77,0.286544,newsletter_subscription,1,1.298701
BCEL,75,0.279101,contact_human_agent,23,30.666667
BCEL,75,0.279101,delete_account,21,28.0
BCEL,75,0.279101,complaint,6,8.0
BCEL,75,0.279101,delivery_options,6,8.0
BCEL,75,0.279101,create_account,4,5.333333
BCEL,75,0.279101,recover_password,4,5.333333
BCEL,75,0.279101,check_cancellation_fee,3,4.0
BCEL,75,0.279101,payment_issue,3,4.0
BCEL,75,0.279101,delivery_period,2,2.666667
BCEL,75,0.279101,get_invoice,2,2.666667
BCEL,75,0.279101,set_up_shipping_address,1,1.333333
BILMZ,71,0.264216,place_order,19,26.760563
BILMZ,71,0.264216,check_cancellation_fee,15,21.126761
BILMZ,71,0.264216,payment_issue,14,19.71831
BILMZ,71,0.264216,registration_problems,8,11.267606
BILMZ,71,0.264216,get_refund,7,9.859155
BILMZ,71,0.264216,change_order,5,7.042254
BILMZ,71,0.264216,check_invoice,1,1.408451
BILMZ,71,0.264216,delivery_period,1,1.408451
BILMZ,71,0.264216,get_invoice,1,1.408451
BCILM,70,0.260494,place_order,26,37.142857
BCILM,70,0.260494,check_cancellation_fee,13,18.571429
BCILM,70,0.260494,payment_issue,9,12.857143
BCILM,70,0.260494,delivery_options,7,10.0
BCILM,70,0.260494,get_refund,7,10.0
BCILM,70,0.260494,edit_account,3,4.285714
BCILM,70,0.260494,cancel_order,2,2.857143
BCILM,70,0.260494,check_invoice,2,2.857143
BCILM,70,0.260494,get_invoice,1,1.428571
BIQS,70,0.260494,delivery_options,70,100.0
BIS,70,0.260494,delivery_options,70,100.0
BKZ,64,0.238166,switch_account,34,53.125
BKZ,64,0.238166,cancel_order,10,15.625
BKZ,64,0.238166,track_order,9,14.0625
BKZ,64,0.238166,create_account,5,7.8125
BKZ,64,0.238166,get_invoice,3,4.6875
BKZ,64,0.238166,change_order,2,3.125
BKZ,64,0.238166,place_order,1,1.5625
BELMQ,60,0.223281,place_order,15,25.0
BELMQ,60,0.223281,get_refund,12,20.0
BELMQ,60,0.223281,check_cancellation_fee,9,15.0
BELMQ,60,0.223281,registration_problems,7,11.666667
BELMQ,60,0.223281,payment_issue,6,10.0
BELMQ,60,0.223281,get_invoice,5,8.333333
BELMQ,60,0.223281,delivery_options,4,6.666667
BELMQ,60,0.223281,edit_account,1,1.666667
BELMQ,60,0.223281,recover_password,1,1.666667
BISZ,59,0.219559,delivery_options,59,100.0
BIQSZ,58,0.215838,delivery_options,58,100.0
BLQW,56,0.208395,check_payment_methods,5,8.928571
BLQW,56,0.208395,edit_account,5,8.928571
BLQW,56,0.208395,track_order,5,8.928571
BLQW,56,0.208395,complaint,4,7.142857
BLQW,56,0.208395,track_refund,4,7.142857
BLQW,56,0.208395,check_cancellation_fee,3,5.357143
BLQW,56,0.208395,create_account,3,5.357143
BLQW,56,0.208395,newsletter_subscription,3,5.357143
BLQW,56,0.208395,review,3,5.357143
BLQW,56,0.208395,change_order,2,3.571429
BLQW,56,0.208395,check_invoice,2,3.571429
BLQW,56,0.208395,check_refund_policy,2,3.571429
BLQW,56,0.208395,contact_human_agent,2,3.571429
BLQW,56,0.208395,delivery_period,2,3.571429
BLQW,56,0.208395,registration_problems,2,3.571429
BLQW,56,0.208395,set_up_shipping_address,2,3.571429
BLQW,56,0.208395,change_shipping_address,1,1.785714
BLQW,56,0.208395,contact_customer_service,1,1.785714
BLQW,56,0.208395,delete_account,1,1.785714
BLQW,56,0.208395,get_invoice,1,1.785714
BLQW,56,0.208395,get_refund,1,1.785714
BLQW,56,0.208395,recover_password,1,1.785714
BLQW,56,0.208395,switch_account,1,1.785714
BCLW,54,0.200953,delete_account,7,12.962963
BCLW,54,0.200953,complaint,5,9.259259
BCLW,54,0.200953,contact_customer_service,5,9.259259
BCLW,54,0.200953,create_account,5,9.259259
BCLW,54,0.200953,contact_human_agent,4,7.407407
BCLW,54,0.200953,get_invoice,3,5.555556
BCLW,54,0.200953,newsletter_subscription,3,5.555556
BCLW,54,0.200953,recover_password,3,5.555556
BCLW,54,0.200953,track_refund,3,5.555556
BCLW,54,0.200953,change_shipping_address,2,3.703704
BCLW,54,0.200953,check_payment_methods,2,3.703704
BCLW,54,0.200953,delivery_period,2,3.703704
BCLW,54,0.200953,cancel_order,1,1.851852
BCLW,54,0.200953,check_invoice,1,1.851852
BCLW,54,0.200953,check_refund_policy,1,1.851852
BCLW,54,0.200953,delivery_options,1,1.851852
BCLW,54,0.200953,edit_account,1,1.851852
BCLW,54,0.200953,place_order,1,1.851852
BCLW,54,0.200953,registration_problems,1,1.851852
BCLW,54,0.200953,set_up_shipping_address,1,1.851852
BCLW,54,0.200953,switch_account,1,1.851852
BCLW,54,0.200953,track_order,1,1.851852
BMQ,51,0.189789,place_order,9,17.647059
BMQ,51,0.189789,change_order,8,15.686275
BMQ,51,0.189789,payment_issue,7,13.72549
BMQ,51,0.189789,cancel_order,4,7.843137
BMQ,51,0.189789,create_account,4,7.843137
BMQ,51,0.189789,get_invoice,4,7.843137
BMQ,51,0.189789,registration_problems,3,5.882353
BMQ,51,0.189789,check_cancellation_fee,2,3.921569
BMQ,51,0.189789,check_invoice,2,3.921569
BMQ,51,0.189789,delivery_options,2,3.921569
BMQ,51,0.189789,get_refund,2,3.921569
BMQ,51,0.189789,delivery_period,1,1.960784
BMQ,51,0.189789,recover_password,1,1.960784
BMQ,51,0.189789,set_up_shipping_address,1,1.960784
BMQ,51,0.189789,track_refund,1,1.960784
BEQ,50,0.186067,get_invoice,14,28.0
BEQ,50,0.186067,switch_account,14,28.0
BEQ,50,0.186067,cancel_order,8,16.0
BEQ,50,0.186067,create_account,4,8.0
BEQ,50,0.186067,check_invoice,2,4.0
BEQ,50,0.186067,get_refund,2,4.0
BEQ,50,0.186067,place_order,2,4.0
BEQ,50,0.186067,check_refund_policy,1,2.0
BEQ,50,0.186067,complaint,1,2.0
BEQ,50,0.186067,registration_problems,1,2.0
BEQ,50,0.186067,track_order,1,2.0
BLQWZ,48,0.178625,track_order,5,10.416667
BLQWZ,48,0.178625,check_invoice,4,8.333333
BLQWZ,48,0.178625,change_order,3,6.25
BLQWZ,48,0.178625,check_payment_methods,3,6.25
BLQWZ,48,0.178625,check_refund_policy,3,6.25
BLQWZ,48,0.178625,delivery_period,3,6.25
BLQWZ,48,0.178625,newsletter_subscription,3,6.25
BLQWZ,48,0.178625,review,3,6.25
BLQWZ,48,0.178625,contact_customer_service,2,4.166667
BLQWZ,48,0.178625,contact_human_agent,2,4.166667
BLQWZ,48,0.178625,delete_account,2,4.166667
BLQWZ,48,0.178625,get_invoice,2,4.166667
BLQWZ,48,0.178625,payment_issue,2,4.166667
BLQWZ,48,0.178625,recover_password,2,4.166667
BLQWZ,48,0.178625,track_refund,2,4.166667
BLQWZ,48,0.178625,change_shipping_address,1,2.083333
BLQWZ,48,0.178625,complaint,1,2.083333
BLQWZ,48,0.178625,create_account,1,2.083333
BLQWZ,48,0.178625,get_refund,1,2.083333
BLQWZ,48,0.178625,place_order,1,2.083333
BLQWZ,48,0.178625,registration_problems,1,2.083333
BLQWZ,48,0.178625,switch_account,1,2.083333
BILPQ,46,0.171182,track_order,5,10.869565
BILPQ,46,0.171182,check_payment_methods,4,8.695652
BILPQ,46,0.171182,delete_account,4,8.695652
BILPQ,46,0.171182,track_refund,4,8.695652
BILPQ,46,0.171182,check_cancellation_fee,3,6.521739
BILPQ,46,0.171182,contact_human_agent,3,6.521739
BILPQ,46,0.171182,get_refund,3,6.521739
BILPQ,46,0.171182,newsletter_subscription,3,6.521739
BILPQ,46,0.171182,change_order,2,4.347826
BILPQ,46,0.171182,complaint,2,4.347826
BILPQ,46,0.171182,delivery_period,2,4.347826
BILPQ,46,0.171182,edit_account,2,4.347826
BILPQ,46,0.171182,payment_issue,2,4.347826
BILPQ,46,0.171182,cancel_order,1,2.173913
BILPQ,46,0.171182,change_shipping_address,1,2.173913
BILPQ,46,0.171182,check_invoice,1,2.173913
BILPQ,46,0.171182,get_invoice,1,2.173913
BILPQ,46,0.171182,recover_password,1,2.173913
BILPQ,46,0.171182,set_up_shipping_address,1,2.173913
BILPQ,46,0.171182,switch_account,1,2.173913
BELN,44,0.163739,cancel_order,10,22.727273
BELN,44,0.163739,recover_password,9,20.454545
BELN,44,0.163739,change_order,6,13.636364
BELN,44,0.163739,track_refund,6,13.636364
BELN,44,0.163739,registration_problems,5,11.363636
BELN,44,0.163739,track_order,4,9.090909
BELN,44,0.163739,create_account,3,6.818182
BELN,44,0.163739,switch_account,1,2.272727
BIQZ,43,0.160018,cancel_order,9,20.930233
BIQZ,43,0.160018,switch_account,8,18.604651
BIQZ,43,0.160018,check_invoice,4,9.302326
BIQZ,43,0.160018,track_order,4,9.302326
BIQZ,43,0.160018,check_payment_methods,3,6.976744
BIQZ,43,0.160018,check_refund_policy,3,6.976744
BIQZ,43,0.160018,newsletter_subscription,3,6.976744
BIQZ,43,0.160018,get_invoice,2,4.651163
BIQZ,43,0.160018,check_cancellation_fee,1,2.325581
BIQZ,43,0.160018,contact_customer_service,1,2.325581
BIQZ,43,0.160018,contact_human_agent,1,2.325581
BIQZ,43,0.160018,create_account,1,2.325581
BIQZ,43,0.160018,delivery_period,1,2.325581
BIQZ,43,0.160018,get_refund,1,2.325581
BIQZ,43,0.160018,review,1,2.325581
BCILW,41,0.152575,delete_account,5,12.195122
BCILW,41,0.152575,track_refund,5,12.195122
BCILW,41,0.152575,change_shipping_address,4,9.756098
BCILW,41,0.152575,create_account,3,7.317073
BCILW,41,0.152575,place_order,3,7.317073
BCILW,41,0.152575,recover_password,3,7.317073
BCILW,41,0.152575,check_payment_methods,2,4.878049
BCILW,41,0.152575,check_refund_policy,2,4.878049
BCILW,41,0.152575,complaint,2,4.878049
BCILW,41,0.152575,delivery_options,2,4.878049
BCILW,41,0.152575,switch_account,2,4.878049
BCILW,41,0.152575,check_cancellation_fee,1,2.439024
BCILW,41,0.152575,contact_customer_service,1,2.439024
BCILW,41,0.152575,contact_human_agent,1,2.439024
BCILW,41,0.152575,edit_account,1,2.439024
BCILW,41,0.152575,newsletter_subscription,1,2.439024
BCILW,41,0.152575,review,1,2.439024
BCILW,41,0.152575,set_up_shipping_address,1,2.439024
BCILW,41,0.152575,track_order,1,2.439024
BIZ,39,0.145132,switch_account,7,17.948718
BIZ,39,0.145132,cancel_order,6,15.384615
BIZ,39,0.145132,track_order,5,12.820513
BIZ,39,0.145132,check_refund_policy,3,7.692308
BIZ,39,0.145132,change_order,2,5.128205
BIZ,39,0.145132,complaint,2,5.128205
BIZ,39,0.145132,contact_customer_service,2,5.128205
BIZ,39,0.145132,delivery_period,2,5.128205
BIZ,39,0.145132,review,2,5.128205
BIZ,39,0.145132,change_shipping_address,1,2.564103
BIZ,39,0.145132,check_cancellation_fee,1,2.564103
BIZ,39,0.145132,check_invoice,1,2.564103
BIZ,39,0.145132,check_payment_methods,1,2.564103
BIZ,39,0.145132,contact_human_agent,1,2.564103
BIZ,39,0.145132,newsletter_subscription,1,2.564103
BIZ,39,0.145132,registration_problems,1,2.564103
BIZ,39,0.145132,track_refund,1,2.564103
BKLQZ,39,0.145132,edit_account,34,87.179487
BKLQZ,39,0.145132,track_order,3,7.692308
BKLQZ,39,0.145132,check_refund_policy,1,2.564103
BKLQZ,39,0.145132,complaint,1,2.564103
BCILPQZ,38,0.141411,get_invoice,5,13.157895
BCILPQZ,38,0.141411,change_order,4,10.526316
BCILPQZ,38,0.141411,check_payment_methods,4,10.526316
BCILPQZ,38,0.141411,create_account,4,10.526316
BCILPQZ,38,0.141411,contact_customer_service,3,7.894737
BCILPQZ,38,0.141411,review,3,7.894737
BCILPQZ,38,0.141411,track_order,3,7.894737
BCILPQZ,38,0.141411,change_shipping_address,2,5.263158
BCILPQZ,38,0.141411,set_up_shipping_address,2,5.263158
BCILPQZ,38,0.141411,switch_account,2,5.263158
BCILPQZ,38,0.141411,check_cancellation_fee,1,2.631579
BCILPQZ,38,0.141411,check_invoice,1,2.631579
BCILPQZ,38,0.141411,check_refund_policy,1,2.631579
BCILPQZ,38,0.141411,complaint,1,2.631579
BCILPQZ,38,0.141411,contact_human_agent,1,2.631579
BCILPQZ,38,0.141411,place_order,1,2.631579
BCEIL,36,0.133968,contact_human_agent,10,27.777778
BCEIL,36,0.133968,delete_account,9,25.0
BCEIL,36,0.133968,create_account,6,16.666667
BCEIL,36,0.133968,set_up_shipping_address,3,8.333333
BCEIL,36,0.133968,registration_problems,2,5.555556
BCEIL,36,0.133968,check_cancellation_fee,1,2.777778
BCEIL,36,0.133968,complaint,1,2.777778
BCEIL,36,0.133968,delivery_options,1,2.777778
BCEIL,36,0.133968,delivery_period,1,2.777778
BCEIL,36,0.133968,payment_issue,1,2.777778
BCEIL,36,0.133968,recover_password,1,2.777778
BILPQZ,36,0.133968,complaint,4,11.111111
BILPQZ,36,0.133968,track_order,4,11.111111
BILPQZ,36,0.133968,change_order,3,8.333333
BILPQZ,36,0.133968,get_refund,3,8.333333
BILPQZ,36,0.133968,newsletter_subscription,3,8.333333
BILPQZ,36,0.133968,check_refund_policy,2,5.555556
BILPQZ,36,0.133968,delete_account,2,5.555556
BILPQZ,36,0.133968,delivery_period,2,5.555556
BILPQZ,36,0.133968,registration_problems,2,5.555556
BILPQZ,36,0.133968,review,2,5.555556
BILPQZ,36,0.133968,cancel_order,1,2.777778
BILPQZ,36,0.133968,change_shipping_address,1,2.777778
BILPQZ,36,0.133968,check_invoice,1,2.777778
BILPQZ,36,0.133968,check_payment_methods,1,2.777778
BILPQZ,36,0.133968,contact_customer_service,1,2.777778
BILPQZ,36,0.133968,contact_human_agent,1,2.777778
BILPQZ,36,0.133968,create_account,1,2.777778
BILPQZ,36,0.133968,get_invoice,1,2.777778
BILPQZ,36,0.133968,payment_issue,1,2.777778
BLNQ,36,0.133968,cancel_order,10,27.777778
BLNQ,36,0.133968,change_order,8,22.222222
BLNQ,36,0.133968,recover_password,6,16.666667
BLNQ,36,0.133968,track_order,5,13.888889
BLNQ,36,0.133968,track_refund,5,13.888889
BLNQ,36,0.133968,registration_problems,1,2.777778
BLNQ,36,0.133968,switch_account,1,2.777778
BCLZ,34,0.126526,change_shipping_address,4,11.764706
BCLZ,34,0.126526,check_payment_methods,4,11.764706
BCLZ,34,0.126526,newsletter_subscription,4,11.764706
BCLZ,34,0.126526,change_order,3,8.823529
BCLZ,34,0.126526,contact_customer_service,3,8.823529
BCLZ,34,0.126526,track_refund,3,8.823529
BCLZ,34,0.126526,check_cancellation_fee,2,5.882353
BCLZ,34,0.126526,check_invoice,2,5.882353
BCLZ,34,0.126526,check_refund_policy,2,5.882353
BCLZ,34,0.126526,review,2,5.882353
BCLZ,34,0.126526,contact_human_agent,1,2.941176
BCLZ,34,0.126526,delivery_options,1,2.941176
BCLZ,34,0.126526,get_invoice,1,2.941176
BCLZ,34,0.126526,set_up_shipping_address,1,2.941176
BCLZ,34,0.126526,switch_account,1,2.941176
BILMW,34,0.126526,delivery_options,5,14.705882
BILMW,34,0.126526,get_refund,5,14.705882
BILMW,34,0.126526,check_cancellation_fee,4,11.764706
BILMW,34,0.126526,payment_issue,4,11.764706
BILMW,34,0.126526,place_order,4,11.764706
BILMW,34,0.126526,registration_problems,4,11.764706
BILMW,34,0.126526,change_order,3,8.823529
BILMW,34,0.126526,get_invoice,3,8.823529
BILMW,34,0.126526,check_invoice,1,2.941176
BILMW,34,0.126526,edit_account,1,2.941176
BILPW,34,0.126526,newsletter_subscription,5,14.705882
BILPW,34,0.126526,check_payment_methods,4,11.764706
BILPW,34,0.126526,complaint,4,11.764706
BILPW,34,0.126526,edit_account,3,8.823529
BILPW,34,0.126526,switch_account,3,8.823529
BILPW,34,0.126526,check_cancellation_fee,2,5.882353
BILPW,34,0.126526,check_refund_policy,2,5.882353
BILPW,34,0.126526,change_order,1,2.941176
BILPW,34,0.126526,contact_customer_service,1,2.941176
BILPW,34,0.126526,create_account,1,2.941176
BILPW,34,0.126526,delete_account,1,2.941176
BILPW,34,0.126526,delivery_options,1,2.941176
BILPW,34,0.126526,delivery_period,1,2.941176
BILPW,34,0.126526,get_refund,1,2.941176
BILPW,34,0.126526,payment_issue,1,2.941176
BILPW,34,0.126526,registration_problems,1,2.941176
BILPW,34,0.126526,review,1,2.941176
BILPW,34,0.126526,track_refund,1,2.941176
BM,34,0.126526,cancel_order,6,17.647059
BM,34,0.126526,change_order,4,11.764706
BM,34,0.126526,payment_issue,4,11.764706
BM,34,0.126526,create_account,3,8.823529
BM,34,0.126526,delivery_options,3,8.823529
BM,34,0.126526,place_order,3,8.823529
BM,34,0.126526,check_invoice,2,5.882353
BM,34,0.126526,get_refund,2,5.882353
BM,34,0.126526,registration_problems,2,5.882353
BM,34,0.126526,change_shipping_address,1,2.941176
BM,34,0.126526,check_cancellation_fee,1,2.941176
BM,34,0.126526,get_invoice,1,2.941176
BM,34,0.126526,set_up_shipping_address,1,2.941176
BM,34,0.126526,track_refund,1,2.941176
BE,33,0.122804,get_invoice,8,24.242424
BE,33,0.122804,switch_account,7,21.212121
BE,33,0.122804,check_invoice,3,9.090909
BE,33,0.122804,track_order,3,9.090909
BE,33,0.122804,cancel_order,2,6.060606
BE,33,0.122804,contact_customer_service,2,6.060606
BE,33,0.122804,create_account,2,6.060606
BE,33,0.122804,change_shipping_address,1,3.030303
BE,33,0.122804,check_payment_methods,1,3.030303
BE,33,0.122804,check_refund_policy,1,3.030303
BE,33,0.122804,get_refund,1,3.030303
BE,33,0.122804,newsletter_subscription,1,3.030303
BE,33,0.122804,review,1,3.030303
BELP,33,0.122804,get_invoice,6,18.181818
BELP,33,0.122804,delete_account,4,12.121212
BELP,33,0.122804,review,4,12.121212
BELP,33,0.122804,track_order,3,9.090909
BELP,33,0.122804,contact_human_agent,2,6.060606
BELP,33,0.122804,create_account,2,6.060606
BELP,33,0.122804,newsletter_subscription,2,6.060606
BELP,33,0.122804,cancel_order,1,3.030303
BELP,33,0.122804,change_shipping_address,1,3.030303
BELP,33,0.122804,check_invoice,1,3.030303
BELP,33,0.122804,complaint,1,3.030303
BELP,33,0.122804,contact_customer_service,1,3.030303
BELP,33,0.122804,delivery_options,1,3.030303
BELP,33,0.122804,get_refund,1,3.030303
BELP,33,0.122804,place_order,1,3.030303
BELP,33,0.122804,recover_password,1,3.030303
BELP,33,0.122804,set_up_shipping_address,1,3.030303
BELW,30,0.11164,contact_human_agent,5,16.666667
BELW,30,0.11164,newsletter_subscription,4,13.333333
BELW,30,0.11164,review,4,13.333333
BELW,30,0.11164,delete_account,3,10.0
BELW,30,0.11164,recover_password,3,10.0
BELW,30,0.11164,check_cancellation_fee,2,6.666667
BELW,30,0.11164,create_account,2,6.666667
BELW,30,0.11164,check_payment_methods,1,3.333333
BELW,30,0.11164,check_refund_policy,1,3.333333
BELW,30,0.11164,complaint,1,3.333333
BELW,30,0.11164,contact_customer_service,1,3.333333
BELW,30,0.11164,get_invoice,1,3.333333
BELW,30,0.11164,get_refund,1,3.333333
BELW,30,0.11164,set_up_shipping_address,1,3.333333
BCILMQ,29,0.107919,edit_account,6,20.689655
BCILMQ,29,0.107919,check_invoice,5,17.241379
BCILMQ,29,0.107919,delivery_options,4,13.793103
BCILMQ,29,0.107919,place_order,3,10.344828
BCILMQ,29,0.107919,check_cancellation_fee,2,6.896552
BCILMQ,29,0.107919,get_invoice,2,6.896552
BCILMQ,29,0.107919,get_refund,2,6.896552
BCILMQ,29,0.107919,payment_issue,2,6.896552
BCILMQ,29,0.107919,registration_problems,2,6.896552
BCILMQ,29,0.107919,change_order,1,3.448276
BCILZ,28,0.104198,check_refund_policy,5,17.857143
BCILZ,28,0.104198,check_payment_methods,3,10.714286
BCILZ,28,0.104198,review,3,10.714286
BCILZ,28,0.104198,contact_customer_service,2,7.142857
BCILZ,28,0.104198,contact_human_agent,2,7.142857
BCILZ,28,0.104198,newsletter_subscription,2,7.142857
BCILZ,28,0.104198,place_order,2,7.142857
BCILZ,28,0.104198,set_up_shipping_address,2,7.142857
BCILZ,28,0.104198,track_order,2,7.142857
BCILZ,28,0.104198,change_order,1,3.571429
BCILZ,28,0.104198,change_shipping_address,1,3.571429
BCILZ,28,0.104198,delivery_period,1,3.571429
BCILZ,28,0.104198,recover_password,1,3.571429
BCILZ,28,0.104198,track_refund,1,3.571429
BLSZ,28,0.104198,delivery_options,28,100.0
BELNQ,27,0.100476,track_refund,7,25.925926
BELNQ,27,0.100476,track_order,6,22.222222
BELNQ,27,0.100476,change_order,4,14.814815
BELNQ,27,0.100476,recover_password,3,11.111111
BELNQ,27,0.100476,registration_problems,3,11.111111
BELNQ,27,0.100476,cancel_order,2,7.407407
BELNQ,27,0.100476,create_account,2,7.407407
BLS,27,0.100476,delivery_options,27,100.0
BCLMQ,26,0.096755,payment_issue,8,30.769231
BCLMQ,26,0.096755,delivery_options,4,15.384615
BCLMQ,26,0.096755,edit_account,4,15.384615
BCLMQ,26,0.096755,get_refund,3,11.538462
BCLMQ,26,0.096755,change_order,2,7.692308
BCLMQ,26,0.096755,get_invoice,2,7.692308
BCLMQ,26,0.096755,cancel_order,1,3.846154
BCLMQ,26,0.096755,check_invoice,1,3.846154
BCLMQ,26,0.096755,place_order,1,3.846154
BCLP,26,0.096755,set_up_shipping_address,6,23.076923
BCLP,26,0.096755,track_order,5,19.230769
BCLP,26,0.096755,review,4,15.384615
BCLP,26,0.096755,check_payment_methods,2,7.692308
BCLP,26,0.096755,complaint,2,7.692308
BCLP,26,0.096755,cancel_order,1,3.846154
BCLP,26,0.096755,change_order,1,3.846154
BCLP,26,0.096755,check_refund_policy,1,3.846154
BCLP,26,0.096755,delete_account,1,3.846154
BCLP,26,0.096755,delivery_options,1,3.846154
BCLP,26,0.096755,get_invoice,1,3.846154
BCLP,26,0.096755,place_order,1,3.846154
BCLN,24,0.089312,cancel_order,17,70.833333
BCLN,24,0.089312,registration_problems,4,16.666667
BCLN,24,0.089312,create_account,3,12.5
BCILPQ,23,0.085591,get_invoice,6,26.086957
BCILPQ,23,0.085591,check_invoice,3,13.043478
BCILPQ,23,0.085591,check_cancellation_fee,2,8.695652
BCILPQ,23,0.085591,check_refund_policy,2,8.695652
BCILPQ,23,0.085591,delivery_period,2,8.695652
BCILPQ,23,0.085591,newsletter_subscription,2,8.695652
BCILPQ,23,0.085591,track_order,2,8.695652
BCILPQ,23,0.085591,check_payment_methods,1,4.347826
BCILPQ,23,0.085591,edit_account,1,4.347826
BCILPQ,23,0.085591,place_order,1,4.347826
BCILPQ,23,0.085591,recover_password,1,4.347826
BILQW,23,0.085591,track_order,5,21.73913
BILQW,23,0.085591,check_cancellation_fee,2,8.695652
BILQW,23,0.085591,get_refund,2,8.695652
BILQW,23,0.085591,review,2,8.695652
BILQW,23,0.085591,switch_account,2,8.695652
BILQW,23,0.085591,check_invoice,1,4.347826
BILQW,23,0.085591,complaint,1,4.347826
BILQW,23,0.085591,contact_customer_service,1,4.347826
BILQW,23,0.085591,create_account,1,4.347826
BILQW,23,0.085591,delete_account,1,4.347826
BILQW,23,0.085591,delivery_period,1,4.347826
BILQW,23,0.085591,edit_account,1,4.347826
BILQW,23,0.085591,get_invoice,1,4.347826
BILQW,23,0.085591,newsletter_subscription,1,4.347826
BILQW,23,0.085591,set_up_shipping_address,1,4.347826
BCELN,22,0.08187,registration_problems,9,40.909091
BCELN,22,0.08187,cancel_order,8,36.363636
BCELN,22,0.08187,create_account,5,22.727273
BLMQW,22,0.08187,change_order,4,18.181818
BLMQW,22,0.08187,get_refund,4,18.181818
BLMQW,22,0.08187,check_invoice,3,13.636364
BLMQW,22,0.08187,edit_account,3,13.636364
BLMQW,22,0.08187,registration_problems,3,13.636364
BLMQW,22,0.08187,get_invoice,2,9.090909
BLMQW,22,0.08187,payment_issue,2,9.090909
BLMQW,22,0.08187,place_order,1,4.545455
BILQWZ,21,0.078148,check_payment_methods,3,14.285714
BILQWZ,21,0.078148,check_refund_policy,3,14.285714
BILQWZ,21,0.078148,recover_password,3,14.285714
BILQWZ,21,0.078148,newsletter_subscription,2,9.52381
BILQWZ,21,0.078148,set_up_shipping_address,2,9.52381
BILQWZ,21,0.078148,change_order,1,4.761905
BILQWZ,21,0.078148,change_shipping_address,1,4.761905
BILQWZ,21,0.078148,contact_customer_service,1,4.761905
BILQWZ,21,0.078148,delivery_period,1,4.761905
BILQWZ,21,0.078148,get_invoice,1,4.761905
BILQWZ,21,0.078148,get_refund,1,4.761905
BILQWZ,21,0.078148,review,1,4.761905
BILQWZ,21,0.078148,switch_account,1,4.761905
BLMP,20,0.074427,check_cancellation_fee,7,35.0
BLMP,20,0.074427,registration_problems,4,20.0
BLMP,20,0.074427,place_order,3,15.0
BLMP,20,0.074427,get_refund,2,10.0
BLMP,20,0.074427,payment_issue,2,10.0
BLMP,20,0.074427,delete_account,1,5.0
BLMP,20,0.074427,track_refund,1,5.0
BELMZ,19,0.070706,place_order,5,26.315789
BELMZ,19,0.070706,payment_issue,4,21.052632
BELMZ,19,0.070706,get_refund,3,15.789474
BELMZ,19,0.070706,registration_problems,3,15.789474
BELMZ,19,0.070706,check_cancellation_fee,2,10.526316
BELMZ,19,0.070706,check_invoice,1,5.263158
BELMZ,19,0.070706,delivery_period,1,5.263158
BIM,19,0.070706,place_order,4,21.052632
BIM,19,0.070706,delivery_options,3,15.789474
BIM,19,0.070706,get_invoice,3,15.789474
BIM,19,0.070706,get_refund,3,15.789474
BIM,19,0.070706,payment_issue,2,10.526316
BIM,19,0.070706,change_order,1,5.263158
BIM,19,0.070706,check_cancellation_fee,1,5.263158
BIM,19,0.070706,registration_problems,1,5.263158
BIM,19,0.070706,track_refund,1,5.263158
BIMQ,19,0.070706,change_order,4,21.052632
BIMQ,19,0.070706,place_order,4,21.052632
BIMQ,19,0.070706,check_invoice,2,10.526316
BIMQ,19,0.070706,create_account,2,10.526316
BIMQ,19,0.070706,delivery_period,2,10.526316
BIMQ,19,0.070706,get_invoice,2,10.526316
BIMQ,19,0.070706,payment_issue,2,10.526316
BIMQ,19,0.070706,check_cancellation_fee,1,5.263158
BMQZ,19,0.070706,create_account,5,26.315789
BMQZ,19,0.070706,get_invoice,4,21.052632
BMQZ,19,0.070706,cancel_order,3,15.789474
BMQZ,19,0.070706,get_refund,2,10.526316
BMQZ,19,0.070706,payment_issue,2,10.526316
BMQZ,19,0.070706,check_invoice,1,5.263158
BMQZ,19,0.070706,place_order,1,5.263158
BMQZ,19,0.070706,recover_password,1,5.263158
BEZ,18,0.066984,cancel_order,5,27.777778
BEZ,18,0.066984,get_invoice,2,11.111111
BEZ,18,0.066984,switch_account,2,11.111111
BEZ,18,0.066984,check_cancellation_fee,1,5.555556
BEZ,18,0.066984,check_invoice,1,5.555556
BEZ,18,0.066984,check_refund_policy,1,5.555556
BEZ,18,0.066984,contact_human_agent,1,5.555556
BEZ,18,0.066984,create_account,1,5.555556
BEZ,18,0.066984,delivery_period,1,5.555556
BEZ,18,0.066984,place_order,1,5.555556
BEZ,18,0.066984,review,1,5.555556
BEZ,18,0.066984,track_order,1,5.555556
BCELM,17,0.063263,payment_issue,11,64.705882
BCELM,17,0.063263,check_cancellation_fee,2,11.764706
BCELM,17,0.063263,delivery_period,2,11.764706
BCELM,17,0.063263,get_invoice,1,5.882353
BCELM,17,0.063263,registration_problems,1,5.882353
BCQ,17,0.063263,switch_account,4,23.529412
BCQ,17,0.063263,cancel_order,2,11.764706
BCQ,17,0.063263,change_order,2,11.764706
BCQ,17,0.063263,check_refund_policy,2,11.764706
BCQ,17,0.063263,newsletter_subscription,2,11.764706
BCQ,17,0.063263,create_account,1,5.882353
BCQ,17,0.063263,delivery_period,1,5.882353
BCQ,17,0.063263,edit_account,1,5.882353
BCQ,17,0.063263,get_invoice,1,5.882353
BCQ,17,0.063263,set_up_shipping_address,1,5.882353
BCILMP,16,0.059542,place_order,8,50.0
BCILMP,16,0.059542,check_invoice,2,12.5
BCILMP,16,0.059542,get_refund,2,12.5
BCILMP,16,0.059542,registration_problems,2,12.5
BCILMP,16,0.059542,check_cancellation_fee,1,6.25
BCILMP,16,0.059542,payment_issue,1,6.25
BELMQZ,16,0.059542,check_cancellation_fee,5,31.25
BELMQZ,16,0.059542,place_order,4,25.0
BELMQZ,16,0.059542,registration_problems,3,18.75
BELMQZ,16,0.059542,payment_issue,2,12.5
BELMQZ,16,0.059542,check_invoice,1,6.25
BELMQZ,16,0.059542,get_refund,1,6.25
BEQZ,16,0.059542,get_invoice,5,31.25
BEQZ,16,0.059542,cancel_order,4,25.0
BEQZ,16,0.059542,payment_issue,2,12.5
BEQZ,16,0.059542,switch_account,2,12.5
BEQZ,16,0.059542,check_cancellation_fee,1,6.25
BEQZ,16,0.059542,review,1,6.25
BEQZ,16,0.059542,set_up_shipping_address,1,6.25
BLWZ,16,0.059542,contact_customer_service,3,18.75
BLWZ,16,0.059542,track_refund,3,18.75
BLWZ,16,0.059542,set_up_shipping_address,2,12.5
BLWZ,16,0.059542,cancel_order,1,6.25
BLWZ,16,0.059542,change_shipping_address,1,6.25
BLWZ,16,0.059542,check_refund_policy,1,6.25
BLWZ,16,0.059542,complaint,1,6.25
BLWZ,16,0.059542,contact_human_agent,1,6.25
BLWZ,16,0.059542,create_account,1,6.25
BLWZ,16,0.059542,delivery_period,1,6.25
BLWZ,16,0.059542,recover_password,1,6.25
BKMZ,15,0.05582,get_refund,15,100.0
BLMN,15,0.05582,change_order,6,40.0
BLMN,15,0.05582,registration_problems,6,40.0
BLMN,15,0.05582,track_refund,2,13.333333
BLMN,15,0.05582,check_invoice,1,6.666667
BLPQ,15,0.05582,recover_password,2,13.333333
BLPQ,15,0.05582,registration_problems,2,13.333333
BLPQ,15,0.05582,track_refund,2,13.333333
BLPQ,15,0.05582,change_shipping_address,1,6.666667
BLPQ,15,0.05582,check_invoice,1,6.666667
BLPQ,15,0.05582,check_refund_policy,1,6.666667
BLPQ,15,0.05582,complaint,1,6.666667
BLPQ,15,0.05582,contact_customer_service,1,6.666667
BLPQ,15,0.05582,delivery_period,1,6.666667
BLPQ,15,0.05582,newsletter_subscription,1,6.666667
BLPQ,15,0.05582,review,1,6.666667
BLPQ,15,0.05582,track_order,1,6.666667
BMZ,15,0.05582,create_account,4,26.666667
BMZ,15,0.05582,payment_issue,3,20.0
BMZ,15,0.05582,change_order,2,13.333333
BMZ,15,0.05582,place_order,2,13.333333
BMZ,15,0.05582,cancel_order,1,6.666667
BMZ,15,0.05582,check_cancellation_fee,1,6.666667
BMZ,15,0.05582,check_invoice,1,6.666667
BMZ,15,0.05582,registration_problems,1,6.666667
BCIQ,14,0.052099,check_refund_policy,4,28.571429
BCIQ,14,0.052099,edit_account,2,14.285714
BCIQ,14,0.052099,track_order,2,14.285714
BCIQ,14,0.052099,change_order,1,7.142857
BCIQ,14,0.052099,contact_customer_service,1,7.142857
BCIQ,14,0.052099,create_account,1,7.142857
BCIQ,14,0.052099,get_invoice,1,7.142857
BCIQ,14,0.052099,review,1,7.142857
BCIQ,14,0.052099,track_refund,1,7.142857
BELMN,14,0.052099,change_order,5,35.714286
BELMN,14,0.052099,registration_problems,5,35.714286
BELMN,14,0.052099,track_refund,3,21.428571
BELMN,14,0.052099,check_invoice,1,7.142857
BILPZ,14,0.052099,delivery_period,3,21.428571
BILPZ,14,0.052099,recover_password,3,21.428571
BILPZ,14,0.052099,change_order,1,7.142857
BILPZ,14,0.052099,change_shipping_address,1,7.142857
BILPZ,14,0.052099,check_invoice,1,7.142857
BILPZ,14,0.052099,complaint,1,7.142857
BILPZ,14,0.052099,contact_customer_service,1,7.142857
BILPZ,14,0.052099,delete_account,1,7.142857
BILPZ,14,0.052099,review,1,7.142857
BILPZ,14,0.052099,set_up_shipping_address,1,7.142857
BILQS,14,0.052099,delivery_options,14,100.0
BILQSZ,14,0.052099,delivery_options,14,100.0
BILS,14,0.052099,delivery_options,14,100.0
BILSZ,14,0.052099,delivery_options,14,100.0
BLMQWZ,14,0.052099,registration_problems,3,21.428571
BLMQWZ,14,0.052099,check_invoice,2,14.285714
BLMQWZ,14,0.052099,get_refund,2,14.285714
BLMQWZ,14,0.052099,payment_issue,2,14.285714
BLMQWZ,14,0.052099,place_order,2,14.285714
BLMQWZ,14,0.052099,change_order,1,7.142857
BLMQWZ,14,0.052099,change_shipping_address,1,7.142857
BLMQWZ,14,0.052099,get_invoice,1,7.142857
BSZ,14,0.052099,delivery_options,14,100.0
BCIP,13,0.048377,edit_account,9,69.230769
BCIP,13,0.048377,create_account,2,15.384615
BCIP,13,0.048377,check_refund_policy,1,7.692308
BCIP,13,0.048377,delivery_options,1,7.692308
BCLQWZ,13,0.048377,newsletter_subscription,2,15.384615
BCLQWZ,13,0.048377,recover_password,2,15.384615
BCLQWZ,13,0.048377,cancel_order,1,7.692308
BCLQWZ,13,0.048377,change_order,1,7.692308
BCLQWZ,13,0.048377,change_shipping_address,1,7.692308
BCLQWZ,13,0.048377,check_invoice,1,7.692308
BCLQWZ,13,0.048377,check_refund_policy,1,7.692308
BCLQWZ,13,0.048377,contact_human_agent,1,7.692308
BCLQWZ,13,0.048377,set_up_shipping_address,1,7.692308
BCLQWZ,13,0.048377,track_order,1,7.692308
BCLQWZ,13,0.048377,track_refund,1,7.692308
BCQZ,13,0.048377,switch_account,3,23.076923
BCQZ,13,0.048377,track_order,3,23.076923
BCQZ,13,0.048377,change_order,2,15.384615
BCQZ,13,0.048377,delivery_period,2,15.384615
BCQZ,13,0.048377,check_refund_policy,1,7.692308
BCQZ,13,0.048377,newsletter_subscription,1,7.692308
BCQZ,13,0.048377,review,1,7.692308
BILMPQ,13,0.048377,payment_issue,4,30.769231
BILMPQ,13,0.048377,get_invoice,2,15.384615
BILMPQ,13,0.048377,get_refund,2,15.384615
BILMPQ,13,0.048377,registration_problems,2,15.384615
BILMPQ,13,0.048377,track_refund,2,15.384615
BILMPQ,13,0.048377,delivery_period,1,7.692308
BS,13,0.048377,delivery_options,13,100.0
BCILPW,12,0.044656,complaint,3,25.0
BCILPW,12,0.044656,change_shipping_address,2,16.666667
BCILPW,12,0.044656,contact_customer_service,1,8.333333
BCILPW,12,0.044656,contact_human_agent,1,8.333333
BCILPW,12,0.044656,edit_account,1,8.333333
BCILPW,12,0.044656,place_order,1,8.333333
BCILPW,12,0.044656,recover_password,1,8.333333
BCILPW,12,0.044656,set_up_shipping_address,1,8.333333
BCILPW,12,0.044656,switch_account,1,8.333333
BLNQZ,12,0.044656,change_order,4,33.333333
BLNQZ,12,0.044656,recover_password,3,25.0
BLNQZ,12,0.044656,cancel_order,2,16.666667
BLNQZ,12,0.044656,track_order,2,16.666667
BLNQZ,12,0.044656,registration_problems,1,8.333333
BCELMQV,11,0.040935,get_refund,11,100.0
BCELMV,11,0.040935,get_refund,10,90.909091
BCELMV,11,0.040935,cancel_order,1,9.090909
BCELQ,11,0.040935,delete_account,4,36.363636
BCELQ,11,0.040935,contact_human_agent,3,27.272727
BCELQ,11,0.040935,check_invoice,1,9.090909
BCELQ,11,0.040935,create_account,1,9.090909
BCELQ,11,0.040935,delivery_options,1,9.090909
BCELQ,11,0.040935,get_invoice,1,9.090909
BCIQZ,11,0.040935,get_invoice,3,27.272727
BCIQZ,11,0.040935,check_refund_policy,2,18.181818
BCIQZ,11,0.040935,switch_account,2,18.181818
BCIQZ,11,0.040935,change_order,1,9.090909
BCIQZ,11,0.040935,check_invoice,1,9.090909
BCIQZ,11,0.040935,delivery_period,1,9.090909
BCIQZ,11,0.040935,track_order,1,9.090909
BILMPZ,11,0.040935,payment_issue,4,36.363636
BILMPZ,11,0.040935,place_order,2,18.181818
BILMPZ,11,0.040935,registration_problems,2,18.181818
BILMPZ,11,0.040935,check_cancellation_fee,1,9.090909
BILMPZ,11,0.040935,delete_account,1,9.090909
BILMPZ,11,0.040935,get_refund,1,9.090909
BCILMQZ,10,0.037213,check_cancellation_fee,4,40.0
BCILMQZ,10,0.037213,place_order,2,20.0
BCILMQZ,10,0.037213,change_order,1,10.0
BCILMQZ,10,0.037213,check_invoice,1,10.0
BCILMQZ,10,0.037213,payment_issue,1,10.0
BCILMQZ,10,0.037213,registration_problems,1,10.0
BCILPZ,10,0.037213,contact_customer_service,2,20.0
BCILPZ,10,0.037213,get_invoice,2,20.0
BCILPZ,10,0.037213,set_up_shipping_address,2,20.0
BCILPZ,10,0.037213,change_order,1,10.0
BCILPZ,10,0.037213,check_payment_methods,1,10.0
BCILPZ,10,0.037213,create_account,1,10.0
BCILPZ,10,0.037213,recover_password,1,10.0
BCLMW,10,0.037213,get_refund,6,60.0
BCLMW,10,0.037213,cancel_order,1,10.0
BCLMW,10,0.037213,check_cancellation_fee,1,10.0
BCLMW,10,0.037213,delivery_options,1,10.0
BCLMW,10,0.037213,place_order,1,10.0
BELNQZ,10,0.037213,track_order,3,30.0
BELNQZ,10,0.037213,change_order,2,20.0
BELNQZ,10,0.037213,cancel_order,1,10.0
BELNQZ,10,0.037213,create_account,1,10.0
BELNQZ,10,0.037213,recover_password,1,10.0
BELNQZ,10,0.037213,registration_problems,1,10.0
BELNQZ,10,0.037213,switch_account,1,10.0
BLPQZ,10,0.037213,contact_human_agent,2,20.0
BLPQZ,10,0.037213,change_order,1,10.0
BLPQZ,10,0.037213,check_invoice,1,10.0
BLPQZ,10,0.037213,check_refund_policy,1,10.0
BLPQZ,10,0.037213,contact_customer_service,1,10.0
BLPQZ,10,0.037213,get_invoice,1,10.0
BLPQZ,10,0.037213,get_refund,1,10.0
BLPQZ,10,0.037213,payment_issue,1,10.0
BLPQZ,10,0.037213,switch_account,1,10.0
BCEILP,9,0.033492,delivery_period,3,33.333333
BCEILP,9,0.033492,contact_human_agent,2,22.222222
BCEILP,9,0.033492,delete_account,2,22.222222
BCEILP,9,0.033492,check_cancellation_fee,1,11.111111
BCEILP,9,0.033492,get_invoice,1,11.111111
BCELMQVZ,9,0.033492,get_refund,9,100.0
BCILN,9,0.033492,cancel_order,6,66.666667
BCILN,9,0.033492,create_account,2,22.222222
BCILN,9,0.033492,registration_problems,1,11.111111
BCILPQW,9,0.033492,edit_account,2,22.222222
BCILPQW,9,0.033492,check_payment_methods,1,11.111111
BCILPQW,9,0.033492,complaint,1,11.111111
BCILPQW,9,0.033492,contact_customer_service,1,11.111111
BCILPQW,9,0.033492,newsletter_subscription,1,11.111111
BCILPQW,9,0.033492,registration_problems,1,11.111111
BCILPQW,9,0.033492,review,1,11.111111
BCILPQW,9,0.033492,switch_account,1,11.111111
BCLQW,9,0.033492,get_invoice,2,22.222222
BCLQW,9,0.033492,track_order,2,22.222222
BCLQW,9,0.033492,cancel_order,1,11.111111
BCLQW,9,0.033492,complaint,1,11.111111
BCLQW,9,0.033492,delete_account,1,11.111111
BCLQW,9,0.033492,recover_password,1,11.111111
BCLQW,9,0.033492,track_refund,1,11.111111
BEM,9,0.033492,place_order,3,33.333333
BEM,9,0.033492,delivery_period,2,22.222222
BEM,9,0.033492,get_refund,2,22.222222
BEM,9,0.033492,payment_issue,1,11.111111
BEM,9,0.033492,registration_problems,1,11.111111
BILMPQZ,9,0.033492,check_cancellation_fee,2,22.222222
BILMPQZ,9,0.033492,check_invoice,2,22.222222
BILMPQZ,9,0.033492,place_order,2,22.222222
BILMPQZ,9,0.033492,change_order,1,11.111111
BILMPQZ,9,0.033492,delete_account,1,11.111111
BILMPQZ,9,0.033492,payment_issue,1,11.111111
BIP,9,0.033492,edit_account,4,44.444444
BIP,9,0.033492,change_shipping_address,1,11.111111
BIP,9,0.033492,check_refund_policy,1,11.111111
BIP,9,0.033492,create_account,1,11.111111
BIP,9,0.033492,get_refund,1,11.111111
BIP,9,0.033492,set_up_shipping_address,1,11.111111
BCELMN,8,0.029771,registration_problems,8,100.0
BCILMZ,8,0.029771,check_cancellation_fee,2,25.0
BCILMZ,8,0.029771,place_order,2,25.0
BCILMZ,8,0.029771,check_invoice,1,12.5
BCILMZ,8,0.029771,get_refund,1,12.5
BCILMZ,8,0.029771,payment_issue,1,12.5
BCILMZ,8,0.029771,registration_problems,1,12.5
BCILQW,8,0.029771,edit_account,3,37.5
BCILQW,8,0.029771,check_invoice,1,12.5
BCILQW,8,0.029771,check_payment_methods,1,12.5
BCILQW,8,0.029771,complaint,1,12.5
BCILQW,8,0.029771,review,1,12.5
BCILQW,8,0.029771,set_up_shipping_address,1,12.5
BCIPW,8,0.029771,edit_account,8,100.0
BCLMQZ,8,0.029771,get_refund,4,50.0
BCLMQZ,8,0.029771,place_order,2,25.0
BCLMQZ,8,0.029771,get_invoice,1,12.5
BCLMQZ,8,0.029771,payment_issue,1,12.5
BCLPQ,8,0.029771,switch_account,2,25.0
BCLPQ,8,0.029771,track_order,2,25.0
BCLPQ,8,0.029771,check_invoice,1,12.5
BCLPQ,8,0.029771,edit_account,1,12.5
BCLPQ,8,0.029771,newsletter_subscription,1,12.5
BCLPQ,8,0.029771,registration_problems,1,12.5
BCLV,8,0.029771,recover_password,8,100.0
BCZ,8,0.029771,cancel_order,2,25.0
BCZ,8,0.029771,change_order,2,25.0
BCZ,8,0.029771,check_refund_policy,2,25.0
BCZ,8,0.029771,switch_account,2,25.0
BEMQ,8,0.029771,create_account,3,37.5
BEMQ,8,0.029771,check_cancellation_fee,2,25.0
BEMQ,8,0.029771,place_order,2,25.0
BEMQ,8,0.029771,get_refund,1,12.5
BILMPW,8,0.029771,payment_issue,2,25.0
BILMPW,8,0.029771,change_order,1,12.5
BILMPW,8,0.029771,check_invoice,1,12.5
BILMPW,8,0.029771,delivery_options,1,12.5
BILMPW,8,0.029771,get_invoice,1,12.5
BILMPW,8,0.029771,place_order,1,12.5
BILMPW,8,0.029771,track_refund,1,12.5
BILMQW,8,0.029771,get_invoice,4,50.0
BILMQW,8,0.029771,registration_problems,2,25.0
BILMQW,8,0.029771,change_order,1,12.5
BILMQW,8,0.029771,check_invoice,1,12.5
BILPQW,8,0.029771,review,2,25.0
BILPQW,8,0.029771,check_cancellation_fee,1,12.5
BILPQW,8,0.029771,delete_account,1,12.5
BILPQW,8,0.029771,get_invoice,1,12.5
BILPQW,8,0.029771,get_refund,1,12.5
BILPQW,8,0.029771,place_order,1,12.5
BILPQW,8,0.029771,set_up_shipping_address,1,12.5
BIPQ,8,0.029771,switch_account,3,37.5
BIPQ,8,0.029771,cancel_order,1,12.5
BIPQ,8,0.029771,change_order,1,12.5
BIPQ,8,0.029771,check_invoice,1,12.5
BIPQ,8,0.029771,get_invoice,1,12.5
BIPQ,8,0.029771,set_up_shipping_address,1,12.5
BLMNQ,8,0.029771,registration_problems,5,62.5
BLMNQ,8,0.029771,change_order,2,25.0
BLMNQ,8,0.029771,track_refund,1,12.5
BNQ,8,0.029771,cancel_order,6,75.0
BNQ,8,0.029771,change_order,1,12.5
BNQ,8,0.029771,switch_account,1,12.5
BCELQZ,7,0.026049,delete_account,3,42.857143
BCELQZ,7,0.026049,contact_human_agent,2,28.571429
BCELQZ,7,0.026049,create_account,1,14.285714
BCELQZ,7,0.026049,delivery_period,1,14.285714
BCILQWZ,7,0.026049,switch_account,2,28.571429
BCILQWZ,7,0.026049,cancel_order,1,14.285714
BCILQWZ,7,0.026049,check_cancellation_fee,1,14.285714
BCILQWZ,7,0.026049,complaint,1,14.285714
BCILQWZ,7,0.026049,place_order,1,14.285714
BCILQWZ,7,0.026049,set_up_shipping_address,1,14.285714
BCILV,7,0.026049,recover_password,5,71.428571
BCILV,7,0.026049,check_invoice,2,28.571429
BCLNQZ,7,0.026049,registration_problems,4,57.142857
BCLNQZ,7,0.026049,cancel_order,2,28.571429
BCLNQZ,7,0.026049,create_account,1,14.285714
BELMNQ,7,0.026049,check_invoice,2,28.571429
BELMNQ,7,0.026049,registration_problems,2,28.571429
BELMNQ,7,0.026049,track_refund,2,28.571429
BELMNQ,7,0.026049,change_order,1,14.285714
BILMQWZ,7,0.026049,check_invoice,2,28.571429
BILMQWZ,7,0.026049,get_refund,2,28.571429
BILMQWZ,7,0.026049,payment_issue,2,28.571429
BILMQWZ,7,0.026049,check_cancellation_fee,1,14.285714
BILPQWZ,7,0.026049,change_shipping_address,1,14.285714
BILPQWZ,7,0.026049,create_account,1,14.285714
BILPQWZ,7,0.026049,delivery_period,1,14.285714
BILPQWZ,7,0.026049,recover_password,1,14.285714
BILPQWZ,7,0.026049,review,1,14.285714
BILPQWZ,7,0.026049,set_up_shipping_address,1,14.285714
BILPQWZ,7,0.026049,track_order,1,14.285714
BIMZ,7,0.026049,change_order,1,14.285714
BIMZ,7,0.026049,check_cancellation_fee,1,14.285714
BIMZ,7,0.026049,check_invoice,1,14.285714
BIMZ,7,0.026049,contact_customer_service,1,14.285714
BIMZ,7,0.026049,get_invoice,1,14.285714
BIMZ,7,0.026049,payment_issue,1,14.285714
BIMZ,7,0.026049,place_order,1,14.285714
BIPQZ,7,0.026049,cancel_order,2,28.571429
BIPQZ,7,0.026049,change_shipping_address,1,14.285714
BIPQZ,7,0.026049,create_account,1,14.285714
BIPQZ,7,0.026049,payment_issue,1,14.285714
BIPQZ,7,0.026049,switch_account,1,14.285714
BIPQZ,7,0.026049,track_order,1,14.285714
BIPW,7,0.026049,edit_account,6,85.714286
BIPW,7,0.026049,track_refund,1,14.285714
BQWZ,7,0.026049,switch_account,4,57.142857
BQWZ,7,0.026049,change_order,1,14.285714
BQWZ,7,0.026049,payment_issue,1,14.285714
BQWZ,7,0.026049,place_order,1,14.285714
BCEILN,6,0.022328,registration_problems,3,50.0
BCEILN,6,0.022328,cancel_order,2,33.333333
BCEILN,6,0.022328,create_account,1,16.666667
BCELQWZ,6,0.022328,contact_human_agent,2,33.333333
BCELQWZ,6,0.022328,create_account,2,33.333333
BCELQWZ,6,0.022328,delete_account,2,33.333333
BCILPQWZ,6,0.022328,change_shipping_address,1,16.666667
BCILPQWZ,6,0.022328,check_cancellation_fee,1,16.666667
BCILPQWZ,6,0.022328,complaint,1,16.666667
BCILPQWZ,6,0.022328,contact_human_agent,1,16.666667
BCILPQWZ,6,0.022328,create_account,1,16.666667
BCILPQWZ,6,0.022328,set_up_shipping_address,1,16.666667
BCIPQZ,6,0.022328,switch_account,3,50.0
BCIPQZ,6,0.022328,change_order,1,16.666667
BCIPQZ,6,0.022328,get_invoice,1,16.666667
BCIPQZ,6,0.022328,track_order,1,16.666667
BCLMN,6,0.022328,registration_problems,6,100.0
BIPZ,6,0.022328,check_refund_policy,2,33.333333
BIPZ,6,0.022328,cancel_order,1,16.666667
BIPZ,6,0.022328,check_invoice,1,16.666667
BIPZ,6,0.022328,complaint,1,16.666667
BIPZ,6,0.022328,contact_human_agent,1,16.666667
BLPW,6,0.022328,complaint,1,16.666667
BLPW,6,0.022328,contact_human_agent,1,16.666667
BLPW,6,0.022328,get_refund,1,16.666667
BLPW,6,0.022328,recover_password,1,16.666667
BLPW,6,0.022328,registration_problems,1,16.666667
BLPW,6,0.022328,switch_account,1,16.666667
BLPZ,6,0.022328,check_cancellation_fee,1,16.666667
BLPZ,6,0.022328,contact_customer_service,1,16.666667
BLPZ,6,0.022328,contact_human_agent,1,16.666667
BLPZ,6,0.022328,create_account,1,16.666667
BLPZ,6,0.022328,delete_account,1,16.666667
BLPZ,6,0.022328,payment_issue,1,16.666667
BCEILQZ,5,0.018607,contact_human_agent,1,20.0
BCEILQZ,5,0.018607,delivery_period,1,20.0
BCEILQZ,5,0.018607,get_invoice,1,20.0
BCEILQZ,5,0.018607,payment_issue,1,20.0
BCEILQZ,5,0.018607,set_up_shipping_address,1,20.0
BCELW,5,0.018607,delete_account,4,80.0
BCELW,5,0.018607,check_cancellation_fee,1,20.0
BCELZ,5,0.018607,contact_human_agent,3,60.0
BCELZ,5,0.018607,create_account,1,20.0
BCELZ,5,0.018607,recover_password,1,20.0
BCI,5,0.018607,contact_customer_service,1,20.0
BCI,5,0.018607,edit_account,1,20.0
BCI,5,0.018607,switch_account,1,20.0
BCI,5,0.018607,track_order,1,20.0
BCI,5,0.018607,track_refund,1,20.0
BCILMPQZ,5,0.018607,check_invoice,4,80.0
BCILMPQZ,5,0.018607,place_order,1,20.0
BCLMP,5,0.018607,check_cancellation_fee,1,20.0
BCLMP,5,0.018607,delivery_options,1,20.0
BCLMP,5,0.018607,edit_account,1,20.0
BCLMP,5,0.018607,get_invoice,1,20.0
BCLMP,5,0.018607,place_order,1,20.0
BCLPW,5,0.018607,change_shipping_address,2,40.0
BCLPW,5,0.018607,check_refund_policy,1,20.0
BCLPW,5,0.018607,delivery_options,1,20.0
BCLPW,5,0.018607,review,1,20.0
BELNW,5,0.018607,recover_password,2,40.0
BELNW,5,0.018607,track_order,2,40.0
BELNW,5,0.018607,change_order,1,20.0
BILPWZ,5,0.018607,newsletter_subscription,2,40.0
BILPWZ,5,0.018607,contact_customer_service,1,20.0
BILPWZ,5,0.018607,delete_account,1,20.0
BILPWZ,5,0.018607,delivery_period,1,20.0
BIQSW,5,0.018607,delivery_options,5,100.0
BKLW,5,0.018607,create_account,5,100.0
BLMWZ,5,0.018607,place_order,2,40.0
BLMWZ,5,0.018607,payment_issue,1,20.0
BLMWZ,5,0.018607,registration_problems,1,20.0
BLMWZ,5,0.018607,set_up_shipping_address,1,20.0
BLNZ,5,0.018607,cancel_order,3,60.0
BLNZ,5,0.018607,change_order,1,20.0
BLNZ,5,0.018607,track_order,1,20.0
BQW,5,0.018607,change_shipping_address,1,20.0
BQW,5,0.018607,create_account,1,20.0
BQW,5,0.018607,registration_problems,1,20.0
BQW,5,0.018607,switch_account,1,20.0
BQW,5,0.018607,track_refund,1,20.0
BCEILMP,4,0.014885,payment_issue,3,75.0
BCEILMP,4,0.014885,delivery_period,1,25.0
BCEILMV,4,0.014885,get_refund,4,100.0
BCEILMZ,4,0.014885,registration_problems,2,50.0
BCEILMZ,4,0.014885,delivery_period,1,25.0
BCEILMZ,4,0.014885,payment_issue,1,25.0
BCEILW,4,0.014885,delete_account,3,75.0
BCEILW,4,0.014885,recover_password,1,25.0
BCILNP,4,0.014885,cancel_order,3,75.0
BCILNP,4,0.014885,create_account,1,25.0
BCILQV,4,0.014885,recover_password,3,75.0
BCILQV,4,0.014885,check_invoice,1,25.0
BCIPQ,4,0.014885,switch_account,2,50.0
BCIPQ,4,0.014885,change_order,1,25.0
BCIPQ,4,0.014885,change_shipping_address,1,25.0
BCQW,4,0.014885,check_refund_policy,1,25.0
BCQW,4,0.014885,contact_customer_service,1,25.0
BCQW,4,0.014885,get_invoice,1,25.0
BCQW,4,0.014885,switch_account,1,25.0
BELPQ,4,0.014885,check_payment_methods,1,25.0
BELPQ,4,0.014885,create_account,1,25.0
BELPQ,4,0.014885,registration_problems,1,25.0
BELPQ,4,0.014885,review,1,25.0
BELPW,4,0.014885,contact_customer_service,1,25.0
BELPW,4,0.014885,delete_account,1,25.0
BELPW,4,0.014885,get_refund,1,25.0
BELPW,4,0.014885,switch_account,1,25.0
BELPZ,4,0.014885,delete_account,1,25.0
BELPZ,4,0.014885,get_refund,1,25.0
BELPZ,4,0.014885,review,1,25.0
BELPZ,4,0.014885,set_up_shipping_address,1,25.0
BEN,4,0.014885,switch_account,2,50.0
BEN,4,0.014885,change_order,1,25.0
BEN,4,0.014885,track_order,1,25.0
BENQ,4,0.014885,switch_account,2,50.0
BENQ,4,0.014885,change_order,1,25.0
BENQ,4,0.014885,create_account,1,25.0
BILWZ,4,0.014885,contact_customer_service,2,50.0
BILWZ,4,0.014885,check_invoice,1,25.0
BILWZ,4,0.014885,newsletter_subscription,1,25.0
BIMQZ,4,0.014885,check_cancellation_fee,2,50.0
BIMQZ,4,0.014885,change_order,1,25.0
BIMQZ,4,0.014885,payment_issue,1,25.0
BIPQW,4,0.014885,get_invoice,1,25.0
BIPQW,4,0.014885,newsletter_subscription,1,25.0
BIPQW,4,0.014885,switch_account,1,25.0
BIPQW,4,0.014885,track_order,1,25.0
BIQWZ,4,0.014885,create_account,1,25.0
BIQWZ,4,0.014885,get_invoice,1,25.0
BIQWZ,4,0.014885,set_up_shipping_address,1,25.0
BIQWZ,4,0.014885,switch_account,1,25.0
BLNW,4,0.014885,switch_account,2,50.0
BLNW,4,0.014885,recover_password,1,25.0
BLNW,4,0.014885,track_order,1,25.0
BC,3,0.011164,cancel_order,1,33.333333
BC,3,0.011164,check_refund_policy,1,33.333333
BC,3,0.011164,delivery_period,1,33.333333
BCEILMN,3,0.011164,registration_problems,3,100.0
BCEILQ,3,0.011164,complaint,1,33.333333
BCEILQ,3,0.011164,contact_human_agent,1,33.333333
BCEILQ,3,0.011164,delete_account,1,33.333333
BCELMW,3,0.011164,payment_issue,3,100.0
BCELNQ,3,0.011164,create_account,2,66.666667
BCELNQ,3,0.011164,cancel_order,1,33.333333
BCELNQZ,3,0.011164,cancel_order,1,33.333333
BCELNQZ,3,0.011164,create_account,1,33.333333
BCELNQZ,3,0.011164,registration_problems,1,33.333333
BCELV,3,0.011164,cancel_order,3,100.0
BCILMN,3,0.011164,registration_problems,3,100.0
BCILMPQ,3,0.011164,check_invoice,1,33.333333
BCILMPQ,3,0.011164,edit_account,1,33.333333
BCILMPQ,3,0.011164,place_order,1,33.333333
BCILMPW,3,0.011164,place_order,2,66.666667
BCILMPW,3,0.011164,get_refund,1,33.333333
BCILMW,3,0.011164,get_refund,1,33.333333
BCILMW,3,0.011164,payment_issue,1,33.333333
BCILMW,3,0.011164,place_order,1,33.333333
BCILPV,3,0.011164,recover_password,3,100.0
BCLMNQ,3,0.011164,registration_problems,3,100.0
BCLPQZ,3,0.011164,check_refund_policy,1,33.333333
BCLPQZ,3,0.011164,newsletter_subscription,1,33.333333
BCLPQZ,3,0.011164,track_order,1,33.333333
BCLWZ,3,0.011164,check_cancellation_fee,1,33.333333
BCLWZ,3,0.011164,complaint,1,33.333333
BCLWZ,3,0.011164,track_refund,1,33.333333
BELNQWZ,3,0.011164,recover_password,2,66.666667
BELNQWZ,3,0.011164,registration_problems,1,33.333333
BELNZ,3,0.011164,change_order,1,33.333333
BELNZ,3,0.011164,create_account,1,33.333333
BELNZ,3,0.011164,registration_problems,1,33.333333
BELPQZ,3,0.011164,check_refund_policy,1,33.333333
BELPQZ,3,0.011164,complaint,1,33.333333
BELPQZ,3,0.011164,create_account,1,33.333333
BELQW,3,0.011164,get_refund,1,33.333333
BELQW,3,0.011164,set_up_shipping_address,1,33.333333
BELQW,3,0.011164,switch_account,1,33.333333
BELQWZ,3,0.011164,review,2,66.666667
BELQWZ,3,0.011164,switch_account,1,33.333333
BILMPQW,3,0.011164,change_order,1,33.333333
BILMPQW,3,0.011164,get_refund,1,33.333333
BILMPQW,3,0.011164,place_order,1,33.333333
BIPQSZ,3,0.011164,delivery_options,3,100.0
BIQW,3,0.011164,track_order,2,66.666667
BIQW,3,0.011164,review,1,33.333333
BKQ,3,0.011164,track_order,2,66.666667
BKQ,3,0.011164,newsletter_subscription,1,33.333333
BLPQW,3,0.011164,complaint,1,33.333333
BLPQW,3,0.011164,edit_account,1,33.333333
BLPQW,3,0.011164,registration_problems,1,33.333333
BMQW,3,0.011164,check_invoice,1,33.333333
BMQW,3,0.011164,create_account,1,33.333333
BMQW,3,0.011164,payment_issue,1,33.333333
BN,3,0.011164,change_order,2,66.666667
BN,3,0.011164,cancel_order,1,33.333333
BNZ,3,0.011164,cancel_order,1,33.333333
BNZ,3,0.011164,change_order,1,33.333333
BNZ,3,0.011164,track_order,1,33.333333
BPQ,3,0.011164,change_order,1,33.333333
BPQ,3,0.011164,create_account,1,33.333333
BPQ,3,0.011164,switch_account,1,33.333333
BCEI,2,0.007443,delivery_options,1,50.0
BCEI,2,0.007443,delivery_period,1,50.0
BCEILM,2,0.007443,delivery_period,1,50.0
BCEILM,2,0.007443,registration_problems,1,50.0
BCEILMNW,2,0.007443,registration_problems,2,100.0
BCEILNP,2,0.007443,create_account,1,50.0
BCEILNP,2,0.007443,registration_problems,1,50.0
BCEILNPQZ,2,0.007443,cancel_order,2,100.0
BCEILQWZ,2,0.007443,delete_account,2,100.0
BCELMNQ,2,0.007443,registration_problems,2,100.0
BCELMNQZ,2,0.007443,registration_problems,2,100.0
BCELMQ,2,0.007443,payment_issue,2,100.0
BCELP,2,0.007443,recover_password,2,100.0
BCEMQVZ,2,0.007443,get_refund,2,100.0
BCEMQW,2,0.007443,payment_issue,2,100.0
BCILMPQWZ,2,0.007443,place_order,1,50.0
BCILMPQWZ,2,0.007443,registration_problems,1,50.0
BCILMPZ,2,0.007443,check_cancellation_fee,1,50.0
BCILMPZ,2,0.007443,registration_problems,1,50.0
BCILMQW,2,0.007443,check_cancellation_fee,1,50.0
BCILMQW,2,0.007443,place_order,1,50.0
BCILNPQ,2,0.007443,cancel_order,2,100.0
BCILNQ,2,0.007443,registration_problems,2,100.0
BCIM,2,0.007443,delivery_options,1,50.0
BCIM,2,0.007443,get_refund,1,50.0
BCIMQ,2,0.007443,check_invoice,1,50.0
BCIMQ,2,0.007443,place_order,1,50.0
BCIZ,2,0.007443,check_refund_policy,1,50.0
BCIZ,2,0.007443,contact_customer_service,1,50.0
BCLMNQZ,2,0.007443,registration_problems,2,100.0
BCLQV,2,0.007443,check_invoice,1,50.0
BCLQV,2,0.007443,recover_password,1,50.0
BCMQZ,2,0.007443,payment_issue,1,50.0
BCMQZ,2,0.007443,place_order,1,50.0
BCPW,2,0.007443,edit_account,2,100.0
BELMNQZ,2,0.007443,registration_problems,2,100.0
BELMNZ,2,0.007443,change_order,2,100.0
BELMQW,2,0.007443,edit_account,1,50.0
BELMQW,2,0.007443,get_invoice,1,50.0
BELMW,2,0.007443,delivery_period,1,50.0
BELMW,2,0.007443,place_order,1,50.0
BEMQZ,2,0.007443,delivery_period,1,50.0
BEMQZ,2,0.007443,place_order,1,50.0
BEMZ,2,0.007443,get_refund,1,50.0
BEMZ,2,0.007443,place_order,1,50.0
BEPQZ,2,0.007443,cancel_order,1,50.0
BEPQZ,2,0.007443,switch_account,1,50.0
BILMPWZ,2,0.007443,get_invoice,1,50.0
BILMPWZ,2,0.007443,place_order,1,50.0
BILMWZ,2,0.007443,place_order,1,50.0
BILMWZ,2,0.007443,registration_problems,1,50.0
BIMP,2,0.007443,cancel_order,1,50.0
BIMP,2,0.007443,recover_password,1,50.0
BIMPQ,2,0.007443,create_account,1,50.0
BIMPQ,2,0.007443,payment_issue,1,50.0
BIMQW,2,0.007443,get_invoice,1,50.0
BIMQW,2,0.007443,payment_issue,1,50.0
BIPS,2,0.007443,delivery_options,2,100.0
BIPSW,2,0.007443,delivery_options,2,100.0
BIPSZ,2,0.007443,delivery_options,2,100.0
BIQSWZ,2,0.007443,delivery_options,2,100.0
BISW,2,0.007443,delivery_options,2,100.0
BLMPQZ,2,0.007443,check_cancellation_fee,1,50.0
BLMPQZ,2,0.007443,create_account,1,50.0
BLMPW,2,0.007443,delivery_options,1,50.0
BLMPW,2,0.007443,payment_issue,1,50.0
BLNQWZ,2,0.007443,recover_password,1,50.0
BLNQWZ,2,0.007443,track_order,1,50.0
BMQWZ,2,0.007443,get_invoice,1,50.0
BMQWZ,2,0.007443,get_refund,1,50.0
BMW,2,0.007443,change_order,2,100.0
BNQZ,2,0.007443,cancel_order,1,50.0
BNQZ,2,0.007443,track_order,1,50.0
BPW,2,0.007443,edit_account,2,100.0
BWZ,2,0.007443,change_order,1,50.0
BWZ,2,0.007443,create_account,1,50.0
BCEILMNQ,1,0.003721,registration_problems,1,100.0
BCEILMPQ,1,0.003721,payment_issue,1,100.0
BCEILMPVZ,1,0.003721,get_refund,1,100.0
BCEILMPW,1,0.003721,payment_issue,1,100.0
BCEILMQ,1,0.003721,registration_problems,1,100.0
BCEILMQV,1,0.003721,get_refund,1,100.0
BCEILNQZ,1,0.003721,cancel_order,1,100.0
BCEILNW,1,0.003721,registration_problems,1,100.0
BCEILPQW,1,0.003721,contact_human_agent,1,100.0
BCEIMQV,1,0.003721,get_refund,1,100.0
BCEIPQW,1,0.003721,contact_human_agent,1,100.0
BCEIQ,1,0.003721,delivery_options,1,100.0
BCELMNW,1,0.003721,registration_problems,1,100.0
BCELMNZ,1,0.003721,registration_problems,1,100.0
BCELMQW,1,0.003721,payment_issue,1,100.0
BCELMVWZ,1,0.003721,get_refund,1,100.0
BCELMVZ,1,0.003721,cancel_order,1,100.0
BCELNP,1,0.003721,registration_problems,1,100.0
BCELNPQZ,1,0.003721,create_account,1,100.0
BCELNQW,1,0.003721,create_account,1,100.0
BCELNQWZ,1,0.003721,create_account,1,100.0
BCELNV,1,0.003721,cancel_order,1,100.0
BCELNW,1,0.003721,cancel_order,1,100.0
BCELWZ,1,0.003721,delete_account,1,100.0
BCEMQ,1,0.003721,payment_issue,1,100.0
BCEMQV,1,0.003721,get_refund,1,100.0
BCENQZ,1,0.003721,create_account,1,100.0
BCEQ,1,0.003721,complaint,1,100.0
BCEQVWZ,1,0.003721,cancel_order,1,100.0
BCEQZ,1,0.003721,complaint,1,100.0
BCILMNP,1,0.003721,registration_problems,1,100.0
BCILMNPQ,1,0.003721,registration_problems,1,100.0
BCILMNQZ,1,0.003721,registration_problems,1,100.0
BCILMWZ,1,0.003721,payment_issue,1,100.0
BCILNPW,1,0.003721,create_account,1,100.0
BCILNQW,1,0.003721,registration_problems,1,100.0
BCILNQZ,1,0.003721,registration_problems,1,100.0
BCILNW,1,0.003721,create_account,1,100.0
BCILNZ,1,0.003721,create_account,1,100.0
BCILPQVZ,1,0.003721,recover_password,1,100.0
BCILPVZ,1,0.003721,recover_password,1,100.0
BCILPWZ,1,0.003721,place_order,1,100.0
BCILQVZ,1,0.003721,recover_password,1,100.0
BCILVZ,1,0.003721,recover_password,1,100.0
BCILWZ,1,0.003721,delete_account,1,100.0
BCIMP,1,0.003721,check_cancellation_fee,1,100.0
BCIMPQZ,1,0.003721,check_invoice,1,100.0
BCIMQZ,1,0.003721,registration_problems,1,100.0
BCINPQ,1,0.003721,cancel_order,1,100.0
BCINPQZ,1,0.003721,cancel_order,1,100.0
BCINZ,1,0.003721,cancel_order,1,100.0
BCIPQW,1,0.003721,change_shipping_address,1,100.0
BCLMNW,1,0.003721,registration_problems,1,100.0
BCLMNZ,1,0.003721,registration_problems,1,100.0
BCLMPQ,1,0.003721,edit_account,1,100.0
BCLMPQW,1,0.003721,check_invoice,1,100.0
BCLMPQZ,1,0.003721,place_order,1,100.0
BCLMQW,1,0.003721,payment_issue,1,100.0
BCLMVZ,1,0.003721,check_invoice,1,100.0
BCLNP,1,0.003721,cancel_order,1,100.0
BCLNPQWZ,1,0.003721,registration_problems,1,100.0
BCLNQ,1,0.003721,registration_problems,1,100.0
BCLNQWZ,1,0.003721,create_account,1,100.0
BCLPWZ,1,0.003721,check_refund_policy,1,100.0
BCLPZ,1,0.003721,check_refund_policy,1,100.0
BCM,1,0.003721,delivery_options,1,100.0
BCMQ,1,0.003721,payment_issue,1,100.0
BCNPQZ,1,0.003721,cancel_order,1,100.0
BCNQ,1,0.003721,cancel_order,1,100.0
BCNQZ,1,0.003721,cancel_order,1,100.0
BCP,1,0.003721,edit_account,1,100.0
BCQWZ,1,0.003721,check_refund_policy,1,100.0
BELMNW,1,0.003721,track_refund,1,100.0
BELMP,1,0.003721,get_refund,1,100.0
BELMPQ,1,0.003721,registration_problems,1,100.0
BELMPQZ,1,0.003721,get_refund,1,100.0
BELMPW,1,0.003721,get_refund,1,100.0
BELPQW,1,0.003721,contact_human_agent,1,100.0
BELPQWZ,1,0.003721,delete_account,1,100.0
BEMNQ,1,0.003721,change_order,1,100.0
BEMNQW,1,0.003721,change_order,1,100.0
BENQWZ,1,0.003721,switch_account,1,100.0
BENQZ,1,0.003721,check_invoice,1,100.0
BEP,1,0.003721,change_shipping_address,1,100.0
BEQW,1,0.003721,edit_account,1,100.0
BILMPQWZ,1,0.003721,check_invoice,1,100.0
BIPQS,1,0.003721,delivery_options,1,100.0
BIPQSW,1,0.003721,delivery_options,1,100.0
BIPQSWZ,1,0.003721,delivery_options,1,100.0
BIPQWZ,1,0.003721,switch_account,1,100.0
BIPSWZ,1,0.003721,delivery_options,1,100.0
BIWZ,1,0.003721,delivery_period,1,100.0
BKLWZ,1,0.003721,create_account,1,100.0
BKQZ,1,0.003721,track_order,1,100.0
BLMNQW,1,0.003721,change_order,1,100.0
BLMNQZ,1,0.003721,change_order,1,100.0
BLMNZ,1,0.003721,registration_problems,1,100.0
BLMPQ,1,0.003721,get_refund,1,100.0
BLMPWZ,1,0.003721,get_refund,1,100.0
BLPQWZ,1,0.003721,delete_account,1,100.0
BLPWZ,1,0.003721,contact_customer_service,1,100.0
BMN,1,0.003721,change_order,1,100.0
BMNQ,1,0.003721,change_order,1,100.0
BMNQZ,1,0.003721,change_order,1,100.0
BMWZ,1,0.003721,delivery_period,1,100.0
BPQWZ,1,0.003721,track_order,1,100.0
BPZ,1,0.003721,cancel_order,1,100.0
BW,1,0.003721,check_refund_policy,1,100.0
