split,instruction,intent,category,needs_human,response
train,change to {{Account Category}} account,switch_account,ACCOUNT,False,"Thank you for expressing your interest in switching to our {{Account Category}} account! Let me guide you through the process to make this transition as smooth as possible: 1. First, log in to your account on our platform. 2. Once you're signed in, navigate to your account settings or profile section. 3. Look for an option labeled ""Account Type"" or ""Upgrade Account."" 4. Select the option that corresponds to our {{Account Category}} account. 5. Follow the on-screen prompts and complete any additional steps required to finalize the switch. If you encounter any difficulties along the way or have any other questions, please don't hesitate to reach out to our support team. We're here to assist you and ensure a seamless transition to the {{Account Category}} account. Enjoy the enhanced benefits that come with it!"
train,need help to set up my delivery address,set_up_shipping_address,SHIPPING,False,"I grasp that you need assistance in setting up your delivery address. To ensure a smooth process, please follow these steps: 1. Log in to your account. 2. Navigate to the settings or profile section, where you can manage your delivery address. 3. Look for the option to add a new address or edit your existing address. 4. Click on that option and enter the details of your delivery address, including street, city, state, and zip code. 5. Save the changes to update your delivery address in our system. If you encounter any issues or have further questions, don't hesitate to let me know. I'm here to help and guide you throughout the process."
train,"I need to talk with customer support, how todo it?",contact_customer_service,CONTACT,True,"We appreciate your message! It's clear to me that you need assistance with contacting our customer support team. To connect with them, you can reach out through our dedicated phone line at {{Customer Support Phone Number}} or use the Live Chat feature available on our website at {{Website URL}}. Our team is available during {{Customer Support Hours}} to assist you with any questions or concerns you may have. Please don't hesitate to reach out if there's anything else I can help you with."
train,I need help closing a platinum account,delete_account,ACCOUNT,True,"Thank you for your message to us about closing your {{Account Category}} account. We understand that account closures can be a sensitive and important process, and we want to ensure that everything goes smoothly for you. To proceed with closing your {{Account Category}} account, please provide us with the following details: your account number or any other identification information associated with your account. Once we have this information, our team will assist you with the necessary steps to close your account. We value your trust and want to ensure that your experience with us remains positive, even when closing an account."
train,need to see in what cases can i request to be reimbursed,check_refund_policy,REFUND,False,"I'm fully aware of your request to see the situations in which you can request to be reimbursed. Here is a breakdown of some common scenarios: 1. **Product/Service Defect:** If the product or service you received is defective or doesn't match the description, you would generally be eligible for a reimbursement. 2. **Cancellation within Grace Period:** If you decide to cancel your purchase within the specified grace period, you should be able to request a reimbursement. 3. **Unauthorized Charges:** If you notice any charges on your account that you didn't authorize, we will investigate and help you obtain a reimbursement. 4. **Event Cancellation:** If you purchased tickets for an event that gets canceled and there is no rescheduled date, you might be eligible for a reimbursement. 5. **Duplicate Charges:** If you encounter duplicate charges for the same item, please inform us so that we can rectify the situation and ensure you receive a reimbursement. 6. **Non-receipt of Goods/Services:** If you haven't received the product or service within the expected timeframe, you may qualify for a reimbursement. Please note that this is a general overview, and refund policies can vary depending on individual vendors or service providers. I recommend reviewing the specific terms and conditions or reaching out directly to the vendor for more detailed information. If you have any specific concern or need assistance with a particular order, please provide me with the necessary details such as the order number, and I'll be happy to help you navigate the reimbursement process."
validation,I need help submitting a new delivery address,set_up_shipping_address,SHIPPING,False,"I fully comprehend the significance of submitting a new delivery address, and I'm here to extend my expertise and guidance to ensure a smooth process. To successfully submit a new delivery address, please follow these steps: 1. Sign in to your account using your credentials. 2. Go to the 'Account' or 'Profile' section of our platform. 3. Look for the 'Shipping Addresses' or similar option. 4. Find the option to add a new address or edit existing addresses. 5. Carefully fill in the required details of your new delivery address, including your name, complete address, contact number, and any other necessary information. 6. Double-check all the provided information to ensure its accuracy. 7. Save the changes and confirm that your new delivery address has been successfully submitted. If you encounter any difficulties or have specific questions during the process, please don't hesitate to reach out. Our dedicated support team is available {{Customer Support Hours}} at {{Customer Support Phone Number}} or through the Live Chat on our website at {{Website URL}}. We are committed to making this experience as seamless as possible for you."
validation,where can I receive the corporate newsletter?,newsletter_subscription,SUBSCRIPTION,False,"I appreciate your interest in receiving our corporate newsletter! To make sure you receive it promptly, we offer multiple channels for newsletter delivery. You can receive the newsletter directly in your email inbox by subscribing with your email address on our website."
validation,wanna unsubscribe from ur corporate newsletter how to do it,newsletter_subscription,SUBSCRIPTION,False,"I appreciate your interest in unsubscribing from our corporate newsletter. I'll be happy to guide you through the process. To assist you more effectively, could you please provide me with the email address you used to subscribe to our newsletter? Once I have that information, I'll promptly initiate the unsubscription process for you. Rest assured, we value your privacy and will handle your request with the utmost care."
validation,do you edliver to {{Delivery Country}}?,delivery_options,DELIVERY,False,"Ah, the enchanting United States! We are honored to serve customers like you who reside in the {{Delivery Country}}. Rest assured, we offer delivery services to {{Delivery Country}} addresses, ensuring your desired items reach you with utmost care and efficiency."
validation,can ya help me update my delivery address,change_shipping_address,SHIPPING,False,"Of course, we're here to assist you with updating your delivery address. Please provide us with the new address details, and we'll make sure to update it for you promptly."
dev,assistance checking the accepted payment options,check_payment_methods,PAYMENT,False,"Glad you contacted and seeking assistance in checking our accepted payment options. I'm here to help! To ensure a seamless and convenient shopping experience, we offer a variety of payment methods. Here's a comprehensive list of our accepted payment options: 1. Credit/Debit Card: We accept major credit and debit cards like Visa, Mastercard, and American Express. You can securely make payments with your card details. 2. PayPal: As a globally recognized online payment platform, PayPal offers a secure and convenient way to pay for your purchases. You can link your bank account or credit card to your PayPal account for hassle-free transactions. 3. Bank Transfer: If you prefer to make a direct transfer from your bank account, you can choose this payment option. Simply initiate the transfer from your bank's online banking platform. 4. Apple Pay: For Apple users, we support Apple Pay, which provides a quick and secure way to make purchases using your iPhone, iPad, or Apple Watch. Simply authenticate the payment with your device's biometric or passcode verification. 5. Google Pay: If you use an Android device, Google Pay offers a convenient way to make payments. Add your payment cards to the Google Pay app and seamlessly complete transactions with just a few taps. These options cover a wide range of preferences to ensure that you find a convenient and secure way to complete your purchase. If you have any further questions or if there's anything else I can assist you with, please feel free to let me know."
dev,could you tell me more about changing my delivery address?,change_shipping_address,SHIPPING,False,"I'm happy to help! If you need to change your delivery address, you can do so by contacting our customer service team. They will assist you in updating the address to ensure your package reaches the correct destination. It's important to provide them with accurate and complete information to avoid any delays or misdeliveries. Whether you're moving to a new house or simply want to update your address, our team will guide you through the process and make sure your package gets to the right place. Don't hesitate to reach out to us for any further assistance with changing your delivery address."
dev,"I have to check how soon can I expect my parcel, help me",delivery_period,DELIVERY,False,"We understand your eagerness to receive your parcel and would be more than happy to assist you in checking the estimated delivery time. To provide you with accurate information, could you please provide us with the {{Order Number}} or {{Tracking Number}}? With this information, we can provide you with an update on the expected arrival of your parcel. Your patience is greatly appreciated, and we look forward to helping you track your package."
dev,I have a problem with the deletion of a {{Account Type}} account,delete_account,ACCOUNT,True,"Glad you contacted about the deletion of your {{Account Type}} account. I understand that you're facing an issue, and I'm here to assist you. To provide you with suitable support, could you please provide more details about the problem you're encountering? It's essential for us to understand the specific issue so that we can work together towards finding a resolution. Rest assured, we will do our utmost to address your concerns and ensure a smooth account deletion process for you."
dev,wannaclose a pro account,delete_account,ACCOUNT,True,"We're here for you to us and expressing your interest in closing your {{Account Type}} account. We appreciate your decision-making process and understand the importance of finding the right solution for your needs. To assist you with the account closure, please provide us with the specific details of your {{Account Type}} account. This will enable us to guide you through the process effectively and ensure a seamless experience. Remember, we're here to support you every step of the way and address any concerns you may have."
locked_test,i have to list the accepted payment methods,check_payment_methods,PAYMENT,False,"Indeed! I'm here to assist you in listing our accepted payment methods. We offer a variety of convenient options for our valued customers. Here are the accepted payment methods: - **Credit/Debit Card:** We accept major cards like Visa, Mastercard, and American Express. - **PayPal:** A popular online payment method that provides security and is widely used. - **Bank Transfer:** This allows you to make direct payments from your bank account. - **Digital Wallets:** We also accept digital wallets such as Apple Pay, Google Pay, and Samsung Pay. - **Cryptocurrencies:** For those interested in using digital currencies, we also accept Bitcoin, Ethereum, and other cryptocurrencies. These options provide flexibility and convenience for a seamless checkout process. If you have any questions or need further assistance, please feel free to let me know. Your satisfaction is our top priority, and we're here to support you every step of the way!"
locked_test,how to download the bill from {{Person Name}}?,get_invoice,INVOICE,False,"I see your confusion about how to download the bill from {{Salutation}} {{Client Last Name}}. Let me guide you through the process. To download the bill, you can log in to your account and navigate to the ""Billing"" or ""Invoices"" section. From there, you should be able to locate the specific bill associated with {{Person Name}} and find a download option. If you encounter any difficulties or have further questions, please feel free to let me know. I'm here to assist you every step of the way."
locked_test,i do not know what i need to do to delete a {{Account Category}} acclunt,delete_account,ACCOUNT,True,"Happy to get your message to us regarding the deletion of your {{Account Category}} account. I understand that you are unsure about the steps involved, and I'm here to assist you. To delete your {{Account Category}} account, please follow these instructions: 1. Log in to your account on our website using your credentials. 2. Navigate to the account settings or profile section. 3. Look for the option to manage or delete your account. 4. Follow the on-screen prompts or instructions to initiate the account deletion process. 5. You may be asked to provide a reason for deleting your account. Please provide the requested information if necessary. 6. Confirm the deletion of your account by following the final steps or instructions. Please note that deleting your {{Account Category}} account will result in the loss of all associated data and benefits. If you have any important information or files stored in your account, make sure to download or back them up before proceeding with the deletion process. If you encounter any issues or have further questions during the account deletion process, please do not hesitate to reach out to our customer support team. We are available to assist you every step of the way."
locked_test,I need help to check the early exit penalty,check_cancellation_fee,CANCEL,False,"Sure! To check the early exit penalty, please log in to your account and navigate to the ""Termination Charges"" section. You will find all the information regarding the early termination fees and how they are calculated. If you have any further questions or need assistance, feel free to reach out to our customer support team."
locked_test,i do not know what i have to do to get my money back,get_refund,REFUND,True,"I'm attuned to the idea that you're unsure about the steps you need to take to get your money back. It can be frustrating not knowing the exact process, but rest assured, I'm here to guide you through it. To initiate the refund process, the first thing you should do is contact our customer support team."
